Sample,Material,HQI,Length,Width,Volume,PP_Density,weight
B1,"ALPEX CK-450, CYCLIZED RUBBER",82.33,6.82,4.87,84.26,1.00,0.00
B1,"DUTRAL PMX 9705, COPOLYMER EPDM TYPE",92.89,13.84,11.67,343.31,0.88,0.00
B1,Epichlorohydrin/Ethylene Oxide Copolymer,78.52,17.03,10.34,930.53,1.32,0.00
B1,Epichlorohydrin/Ethylene Oxide Copolymer,75.26,9.66,8.34,69.27,1.32,0.00
B1,Poly(p-phenylene ether-sulphone),82.87,12.27,10.13,578.47,1.37,0.00
B1,POLY[(ACRYLIC ACID):(BUTYL ACRYLATE):(METHACRYL AMIDE):STYRENE],84.21,3.44,2.76,11.51,1.13,0.00
B1,POLYETHYLENE GLYCOL 400,93.53,26.82,25.39,4433.06,1.13,0.01
B1,POLYETHYLENE GLYCOL 400,83.13,6.53,3.05,11.51,1.13,0.00
B1,POLYOXYETHYLENE(10) OCTYLPHENYL ETHER,83.32,10.71,6.82,134.72,1.08,0.00
B1,POLYOXYETHYLENE(20) SORBITAN MONOOLEATE,82.75,15.58,12.66,554.13,1.10,0.00
B1,POLYOXYETHYLENE(20) SORBITAN MONOPALMITATE,80.26,19.71,10.78,1379.91,1.10,0.00
B1,POLYOXYETHYLENE(20) SORBITAN MONOPALMITATE,82.39,11.71,10.33,554.13,1.10,0.00
B1,POLYOXYETHYLENE(20) SORBITAN MONOPALMITATE,96.32,6.82,6.82,92.11,1.10,0.00
B1,POLYOXYETHYLENE(20) SORBITAN MONOPALMITATE,88.05,8.74,4.72,66.86,1.10,0.00
B1,POLYOXYETHYLENE(20) SORBITAN MONOPALMITATE,96.08,6.82,3.90,34.46,1.10,0.00
B1,POLYOXYETHYLENE(20) SORBITAN MONOPALMITATE,96.23,8.26,3.44,21.97,1.10,0.00
B1,POLYOXYETHYLENE(20) SORBITAN MONOPALMITATE,76.48,4.31,2.46,10.21,1.10,0.00
B1,POLYSORBATE 80 STANDARD,90.07,4.72,2.83,8.96,1.06,0.00
B11,Cellulose Acetate 4. White Fiber,93.42,7.87,3.06,40.89,1.30,0.00
B11,Cellulose Acetate 4. White Fiber,89.21,6.92,2.08,5.63,1.30,0.00
B11,Cellulose Acetate 4. White Fiber,83.78,6.23,1.38,5.63,1.30,0.00
B11,Cellulose Acetate 4. White Fiber,93.14,5.95,4.41,23.95,1.30,0.00
B11,Cellulose Acetate 4. White Fiber,90.84,4.98,4.51,45.05,1.30,0.00
B11,COLOR MASTERBATCH POLY[ETHYLENE-CO-(VINYL ACETATE)] + 45% YELLOW PIGMENT #3,88.94,9.78,6.85,230.43,0.95,0.00
B11,HYPROMELLOSE (4000),76.75,10.06,1.31,5.63,1.39,0.00
B11,"NYLON 6,6",76.25,26.41,13.69,1778.33,1.08,0.00
B11,"NYLON 6,6",76.77,11.15,1.57,17.44,1.08,0.00
B11,"Poly(1,4-butylene Terephthalate)",86.53,11.32,5.18,139.55,0.89,0.00
B11,"Poly(1,4-butylene Terephthalate)",96.54,9.21,2.62,19.01,0.89,0.00
B11,"POLY(ETHYLENE:PROPYLENE:DIENE) (50% ETHYLENE, 4% DIENE)",86.58,27.86,25.44,7916.83,1.10,0.01
B11,POLY(NEOPENTYLENE TEREPHTHALATE),88.79,21.52,14.67,1404.56,1.39,0.00
B11,POLY[(ACRYLIC ACID):(BUTYL ACRYLATE):(METHACRYL AMIDE):STYRENE],82.12,11.44,9.59,412.23,1.13,0.00
B11,TEFLON,75.97,4.15,2.77,6.72,2.20,0.00
B11,TEFLON,79.72,3.50,2.62,5.63,2.20,0.00
B11,TEFLON,83.50,3.46,3.46,19.01,2.20,0.00
B11,TEFLON,77.09,3.46,2.08,10.35,2.20,0.00
B11,TEFLON,79.22,3.40,2.47,9.08,2.20,0.00
B11,TEFLON,76.66,3.40,2.47,6.72,2.20,0.00
B11,TEFLON,84.57,2.93,2.93,15.93,2.20,0.00
B11,TEFLON,79.29,2.93,2.93,6.72,2.20,0.00
B11,TEFLON,80.22,2.77,2.77,7.87,2.20,0.00
B13,Ethylene/Vinyl Acetate Copolymer 75:25,97.15,16.36,8.52,620.45,1.00,0.00
B13,HYPROMELLOSE (4000),76.86,6.96,0.80,0.68,1.39,0.00
B13,"NYLON 6,9",81.77,10.51,10.37,387.11,1.08,0.00
B13,PARALOID(TM)B 72,87.01,20.26,15.44,2218.94,1.15,0.00
B13,PARALOID(TM)B 72,87.49,18.98,14.67,2018.76,1.15,0.00
B13,PARALOID(TM)B 72,81.14,7.72,3.86,58.16,1.15,0.00
B13,Poly(dimethylsiloxane-co-ethylene oxide) AB block copolymer 18:82,88.79,31.06,9.49,1431.48,1.30,0.00
B13,POLYETHYLENE GLYCOL 200,77.26,28.68,16.50,4187.63,0.91,0.00
B13,POLYETHYLENEIMINE,76.50,5.89,4.55,62.69,0.91,0.00
B13,POLYETHYLENEIMINE,76.08,5.18,3.45,33.50,0.91,0.00
B13,POLYETHYLENEIMINE,77.80,4.09,4.09,35.38,0.91,0.00
B13,POLYOXYETHYLENE(10) OCTYLPHENYL ETHER,88.48,32.34,12.06,2386.66,1.08,0.00
B13,POLYOXYETHYLENE(20) SORBITAN MONOOLEATE,77.23,4.78,3.41,39.24,1.10,0.00
B13,POLYPOX R14,80.17,5.79,4.82,45.27,1.13,0.00
B13,POLYPOX R14,77.13,2.73,2.73,4.42,1.13,0.00
B13,Polyvinyl Chloride 13. Grey Cable Cover,78.60,4.82,3.86,21.36,1.38,0.00
B13,Polyvinyl Chloride 13. Grey Cable Cover,80.78,4.75,0.86,1.91,1.38,0.00
B13,Polyvinyl Chloride 13. Grey Cable Cover,79.06,4.68,3.74,6.45,1.38,0.00
B13,Polyvinyl Chloride 13. Grey Cable Cover,79.42,3.66,2.14,7.55,1.38,0.00
B13,Polyvinyl Chloride 13. Grey Cable Cover,80.80,3.45,2.59,9.93,1.38,0.00
B13,Polyvinyl Chloride 21. Green Slinky Toy,76.38,10.23,4.78,128.04,1.38,0.00
B13,Polyvinyl Chloride 21. Green Slinky Toy,79.34,8.68,6.75,235.22,1.38,0.00
B13,Polyvinyl Chloride 26. White Railcard,75.54,12.54,6.75,294.48,1.38,0.00
B13,POLYVINYLFORMAL,75.37,3.45,1.73,5.40,1.23,0.00
B14,Polypropylene Isotactic Chlorinated 32% Chlorine,80.16,10.65,5.78,73.87,0.90,0.00
B14,"POLYPROPYLENE+VISTALON 404, 1:1",91.42,8.66,2.89,31.39,0.90,0.00
B16,Cellulose Acetate 4. White Fiber,87.67,9.97,3.96,24.87,1.30,0.00
B16,Cellulose Acetate 4. White Fiber,83.37,8.46,4.38,33.81,1.30,0.00
B16,Cellulose Acetate 4. White Fiber,87.75,5.47,4.79,63.27,1.30,0.00
B16,Cellulose Acetate 4. White Fiber,89.78,4.76,3.03,15.42,1.30,0.00
B16,Cellulose Acetate 4. White Fiber,88.32,3.06,2.75,6.51,1.30,0.00
B16,COLOR MASTERBATCH POLY(STYRENE-CO-ACRYLONITRILE) + 50% WHITE PIGMENT,89.34,16.88,16.01,1722.07,0.96,0.00
B16,COLOR MASTERBATCH POLY[ETHYLENE-CO-(VINYL ACETATE)] + 45% YELLOW PIGMENT #3,89.75,12.82,4.38,132.16,0.95,0.00
B16,COLOR MASTERBATCH POLY[ETHYLENE-CO-(VINYL ACETATE)] + 45% YELLOW PIGMENT #3,95.38,9.11,4.56,109.21,0.95,0.00
B16,Ethylene/Propylene Copolymer,96.34,3.46,3.03,15.42,1.00,0.00
B16,"KELTAN 314, COPOLYMER EPDM TYPE",96.46,4.69,3.99,26.58,0.86,0.00
B16,"NYLON 6,10",83.72,4.03,1.61,1.93,1.01,0.00
B16,"NYLON 6,6",82.10,14.02,12.88,212.65,1.08,0.00
B16,Poly(butylene terephthalate),95.29,5.81,3.87,39.60,1.30,0.00
B16,Poly(dimethylsiloxane-co-ethylene oxide) AB block copolymer 18:82,87.35,30.54,9.34,266.73,1.30,0.00
B16,Poly(methyl methacrylate) 15000,94.77,17.45,8.86,209.20,1.38,0.00
B16,Poly(p-phenylene ether-sulphone),93.78,21.29,20.32,3357.43,1.37,0.00
B16,POLY(STYRENE:N-BUTYL METHACRYLATE),88.17,8.71,6.77,219.62,1.37,0.00
B16,POLY[(ACRYLIC ACID):(BUTYL ACRYLATE):(METHACRYL AMIDE):STYRENE],92.21,32.68,13.44,2613.86,1.13,0.00
B16,POLY[(ACRYLIC ACID):(BUTYL ACRYLATE):(METHACRYL AMIDE):STYRENE],88.72,13.00,10.95,901.60,1.13,0.00
B16,POLY[(ACRYLIC ACID):(BUTYL ACRYLATE):(METHACRYL AMIDE):STYRENE],79.07,3.42,2.05,4.46,1.13,0.00
B16,POLY[(DIVINYL BENZENE):STYRENE],94.74,5.47,5.47,75.18,1.13,0.00
B16,Polyamide 1. White Cable Tie,94.46,5.81,4.84,82.66,1.30,0.00
B16,Polyamide 2. White Pellet,98.14,5.47,3.42,28.33,1.30,0.00
B16,POLYETHYLENE GLYCOL 400,81.91,9.04,1.74,7.62,1.13,0.00
B16,POLYOXYETHYLENE(10) OCTYLPHENYL ETHER,86.82,6.97,1.74,6.51,1.08,0.00
B16,POLYOXYETHYLENE(10) OCTYLPHENYL ETHER,83.45,6.16,2.05,12.62,1.08,0.00
B16,POLYOXYETHYLENE(20) SORBITAN MONOPALMITATE,80.14,14.37,6.84,297.19,2.65,0.00
B16,Polypropylene 10. Black Battery Holder,98.67,43.43,32.92,12528.97,0.90,0.01
B16,Polypropylene 10. Black Battery Holder,97.92,37.93,30.98,15596.83,0.90,0.01
B16,Polypropylene 10. Black Battery Holder,87.98,15.48,14.52,1510.80,0.90,0.00
B16,Polypropylene 10. Black Battery Holder,96.01,15.48,12.58,1444.64,0.90,0.00
B16,Polypropylene 10. Black Battery Holder,98.27,14.63,2.02,21.55,0.90,0.00
B16,Polypropylene 10. Black Battery Holder,81.96,6.84,5.47,75.18,0.90,0.00
B16,Polypropylene 2. White Straw,98.71,22.34,8.87,912.85,0.90,0.00
B16,Polypropylene 2. White Straw,95.64,21.29,5.81,601.47,0.90,0.00
B16,Polypropylene 8. White Bottle Cap,98.51,48.38,5.97,591.69,0.90,0.00
B16,Polypropylene 8. White Bottle Cap,98.69,33.56,12.91,3515.20,0.90,0.00
B16,Polypropylene 8. White Bottle Cap,98.66,18.41,9.11,851.57,0.90,0.00
B16,Polypropylene 8. White Bottle Cap,98.85,16.17,8.16,460.54,0.90,0.00
B16,Polypropylene 8. White Bottle Cap,98.55,10.64,7.74,344.90,0.90,0.00
B16,Polypropylene 8. White Bottle Cap,98.89,8.05,4.29,49.90,0.90,0.00
B16,Polypropylene 8. White Bottle Cap,98.02,6.81,3.52,33.81,0.90,0.00
B16,Polypropylene 8. White Bottle Cap,98.23,5.47,4.11,15.42,0.90,0.00
B16,Polypropylene 8. White Bottle Cap,96.40,5.19,3.90,30.12,0.90,0.00
B16,Polystyrene 1. Brown Coffee Cup Lid,92.79,18.36,17.44,2285.10,1.05,0.00
B16,Polystyrene 1. Brown Coffee Cup Lid,94.95,18.26,7.53,483.15,1.05,0.00
B16,Polystyrene 1. Brown Coffee Cup Lid,77.69,16.62,13.52,1027.83,1.05,0.00
B16,Polystyrene 1. Brown Coffee Cup Lid,95.23,11.68,8.66,438.30,1.05,0.00
B16,Polystyrene 1. Brown Coffee Cup Lid,94.31,9.18,5.51,141.14,1.05,0.00
B16,Polystyrene 1. Brown Coffee Cup Lid,85.99,8.66,5.19,126.29,1.05,0.00
B16,Polystyrene 1. Brown Coffee Cup Lid,89.96,7.74,6.77,185.53,1.05,0.00
B16,Polystyrene 13. Pink Spoon,92.33,9.58,8.21,226.67,1.05,0.00
B16,Polystyrene 13. Pink Spoon,84.00,8.87,5.51,144.17,1.05,0.00
B16,Polystyrene 13. Pink Spoon,84.06,8.71,6.77,212.65,1.05,0.00
B16,Polystyrene 13. Pink Spoon,81.57,7.74,5.81,169.21,1.05,0.00
B16,Polystyrene 13. Pink Spoon,78.62,2.90,2.90,16.89,1.05,0.00
B16,Polystyrene 3. White Foam Container,92.43,13.69,9.66,591.69,1.05,0.00
B16,Polystyrene 3. White Foam Container,94.42,11.63,5.20,156.52,1.05,0.00
B16,Polystyrene 3. White Foam Container,93.73,9.68,5.81,188.85,1.05,0.00
B16,Polystyrene 4. White Microsphere,90.06,9.68,6.77,230.22,1.05,0.00
B16,Polystyrene 4. White Microsphere,92.71,6.06,5.63,90.36,1.05,0.00
B16,Polystyrene 5. Orange Microsphere,83.36,15.41,11.25,1057.28,1.05,0.00
B16,Polystyrene 5. Orange Microsphere,87.47,5.81,4.84,56.45,1.05,0.00
B16,Polystyrene 5. Orange Microsphere,88.46,5.37,2.68,15.42,1.05,0.00
B16,Polystyrene 5. Orange Microsphere,84.05,4.79,4.79,60.97,1.05,0.00
B16,POLYSTYRENE HIGH IMPACT,98.36,23.73,10.12,1715.11,1.05,0.00
B16,POLYSTYRENE HIGH IMPACT,95.90,21.64,9.52,1289.94,1.05,0.00
B16,POLYSTYRENE HIGH IMPACT,92.80,21.00,10.92,451.60,1.05,0.00
B16,POLYSTYRENE HIGH IMPACT,98.32,20.32,8.71,1045.47,1.05,0.00
B16,POLYSTYRENE HIGH IMPACT,96.75,20.31,10.05,1159.46,1.05,0.00
B16,POLYSTYRENE HIGH IMPACT,97.61,16.73,14.62,1848.90,1.05,0.00
B16,POLYSTYRENE HIGH IMPACT,96.00,16.45,9.68,807.91,1.05,0.00
B16,POLYSTYRENE HIGH IMPACT,96.34,14.93,9.24,656.21,1.05,0.00
B16,POLYSTYRENE HIGH IMPACT,96.80,14.52,9.68,567.48,1.05,0.00
B16,POLYSTYRENE HIGH IMPACT,97.07,13.69,13.00,935.48,1.05,0.00
B16,POLYSTYRENE HIGH IMPACT,94.33,13.44,7.32,263.00,1.05,0.00
B16,POLYSTYRENE HIGH IMPACT,93.04,13.00,8.90,548.35,1.05,0.00
B16,POLYSTYRENE HIGH IMPACT,98.47,12.58,12.58,924.14,1.05,0.00
B16,POLYSTYRENE HIGH IMPACT,96.88,11.86,7.55,251.91,1.05,0.00
B16,POLYSTYRENE HIGH IMPACT,97.36,11.61,9.68,543.60,1.05,0.00
B16,POLYSTYRENE HIGH IMPACT,93.69,11.54,5.64,259.28,1.05,0.00
B16,POLYSTYRENE HIGH IMPACT,97.40,10.95,8.21,382.21,1.05,0.00
B16,POLYSTYRENE HIGH IMPACT,90.22,10.78,8.30,394.92,1.05,0.00
B16,POLYSTYRENE HIGH IMPACT,96.70,10.64,8.71,456.06,1.05,0.00
B16,POLYSTYRENE HIGH IMPACT,97.88,10.64,6.77,297.19,1.05,0.00
B16,POLYSTYRENE HIGH IMPACT,93.99,10.26,8.21,386.43,1.05,0.00
B16,POLYSTYRENE HIGH IMPACT,97.47,10.26,6.84,255.59,1.05,0.00
B16,POLYSTYRENE HIGH IMPACT,92.65,9.68,8.71,425.13,1.05,0.00
B16,POLYSTYRENE HIGH IMPACT,95.86,9.68,8.71,416.42,1.05,0.00
B16,POLYSTYRENE HIGH IMPACT,96.48,9.58,7.53,289.47,1.05,0.00
B16,POLYSTYRENE HIGH IMPACT,97.47,9.58,6.84,255.59,1.05,0.00
B16,POLYSTYRENE HIGH IMPACT,96.87,8.71,6.77,251.91,1.05,0.00
B16,POLYSTYRENE HIGH IMPACT,94.15,8.71,5.81,126.29,1.05,0.00
B16,POLYSTYRENE HIGH IMPACT,97.66,8.21,8.21,263.00,1.05,0.00
B16,POLYSTYRENE HIGH IMPACT,90.03,6.84,4.79,65.59,1.05,0.00
B16,POLYSTYRENE HIGH IMPACT,96.13,6.77,5.81,120.50,1.05,0.00
B16,POLYSTYRENE HIGH IMPACT,96.90,5.81,5.81,90.36,1.05,0.00
B16,POLYSTYRENE HIGH IMPACT,98.55,5.81,4.84,85.20,1.05,0.00
B16,POLYSTYRENE HIGH IMPACT,95.36,5.81,4.84,80.14,1.05,0.00
B16,POLYSTYRENE HIGH IMPACT,94.06,5.81,3.87,65.59,1.05,0.00
B16,POLYSTYRENE HIGH IMPACT,97.89,5.81,3.87,54.24,1.05,0.00
B16,POLYSTYRENE HIGH IMPACT,96.93,5.81,3.87,47.78,1.05,0.00
B16,POLYSTYRENE HIGH IMPACT,96.77,4.56,3.22,3.54,1.05,0.00
B16,POLYSTYRENE HIGH IMPACT,97.81,3.87,2.90,24.87,1.05,0.00
B16,POLYSTYRENE HIGH IMPACT,96.42,3.87,3.87,24.87,1.05,0.00
B16,Polyvinyl Chloride 10. White Microsphere,91.47,8.71,6.77,209.20,1.38,0.00
B16,Polyvinyl Chloride 10. White Microsphere,89.65,5.12,2.28,5.45,1.38,0.00
B16,Polyvinyl Chloride 13. Grey Cable Cover,75.14,16.37,9.93,230.22,1.38,0.00
B16,Polyvinyl Chloride 13. Grey Cable Cover,81.62,14.38,3.37,45.68,1.38,0.00
B16,Polyvinyl Chloride 13. Grey Cable Cover,77.10,14.37,4.79,195.55,1.38,0.00
B16,Polyvinyl Chloride 13. Grey Cable Cover,76.96,12.97,1.92,16.89,1.38,0.00
B16,Polyvinyl Chloride 13. Grey Cable Cover,82.12,10.08,6.00,65.59,1.38,0.00
B16,Polyvinyl Chloride 13. Grey Cable Cover,75.41,9.62,4.27,47.78,1.38,0.00
B16,Polyvinyl Chloride 13. Grey Cable Cover,84.84,9.24,4.08,15.42,1.38,0.00
B16,Polyvinyl Chloride 13. Grey Cable Cover,79.97,8.81,6.65,138.12,1.38,0.00
B16,Polyvinyl Chloride 13. Grey Cable Cover,80.06,7.74,5.81,159.67,1.38,0.00
B16,Polyvinyl Chloride 13. Grey Cable Cover,81.99,7.74,6.77,112.00,1.38,0.00
B16,Polyvinyl Chloride 13. Grey Cable Cover,78.99,7.53,2.05,14.00,1.38,0.00
B16,Polyvinyl Chloride 13. Grey Cable Cover,78.38,7.52,7.25,153.40,1.38,0.00
B16,Polyvinyl Chloride 13. Grey Cable Cover,77.17,7.52,1.88,15.42,1.38,0.00
B16,Polyvinyl Chloride 13. Grey Cable Cover,76.52,7.19,4.49,47.78,1.38,0.00
B16,Polyvinyl Chloride 13. Grey Cable Cover,82.68,6.06,2.16,14.00,1.38,0.00
B16,Polyvinyl Chloride 13. Grey Cable Cover,76.63,5.81,4.84,21.55,1.38,0.00
B16,Polyvinyl Chloride 13. Grey Cable Cover,81.33,5.81,2.90,21.55,1.38,0.00
B16,Polyvinyl Chloride 13. Grey Cable Cover,84.45,5.64,2.49,3.54,1.38,0.00
B16,Polyvinyl Chloride 13. Grey Cable Cover,75.22,5.64,2.49,1.25,1.38,0.00
B16,Polyvinyl Chloride 13. Grey Cable Cover,75.27,5.63,1.30,5.45,1.38,0.00
B16,Polyvinyl Chloride 13. Grey Cable Cover,78.41,5.47,4.79,52.05,1.38,0.00
B16,Polyvinyl Chloride 13. Grey Cable Cover,81.79,5.19,4.33,35.71,1.38,0.00
B16,Polyvinyl Chloride 13. Grey Cable Cover,79.11,4.79,1.37,6.51,1.38,0.00
B16,Polyvinyl Chloride 13. Grey Cable Cover,75.50,2.90,2.90,16.89,1.38,0.00
B16,Polyvinyl Chloride 13. Grey Cable Cover,80.89,2.74,1.37,5.45,1.38,0.00
B16,Styrene/Acrylonitrile Copolymer 65:35,90.98,16.45,8.71,661.26,2.65,0.00
B16,VIACRYL SC 166,94.24,16.45,10.64,1081.04,0.97,0.00
B16,VIACRYL SC 166,84.65,10.12,8.55,188.85,0.97,0.00
B19,Poly(4-Methyl-1-Pentene),82.21,4.05,3.04,17.70,0.84,0.00
B19,POLYDIMETHYLSILOXANE,90.36,8.60,5.01,45.43,2.65,0.00
B19,"Polydimethylsiloxane, dimethylamine terminated",87.10,5.17,3.97,21.11,2.65,0.00
B19,Polyethylene Terephthalate 13. Clear Plastic Sheet,94.26,4.30,3.58,30.50,1.10,0.00
B19,POLYSORBATE 80 STANDARD,82.89,19.25,19.25,2586.67,0.90,0.00
B19,Polyvinyl Chloride 10. White Microsphere,93.38,5.07,3.04,21.11,1.38,0.00
B19,Polyvinyl Chloride 13. Grey Cable Cover,81.69,9.93,3.84,43.18,1.38,0.00
B19,Polyvinyl Chloride 26. White Railcard,76.25,5.01,5.01,69.95,1.38,0.00
B2,"ALPEX CK-450, CYCLIZED RUBBER",75.43,1.98,1.65,2.43,1.00,0.00
B2,"ALPEX CK-450, CYCLIZED RUBBER",84.96,3.14,1.57,0.56,1.00,0.00
B2,Cellulose Acetate 4. White Fiber,79.81,16.26,3.70,123.92,1.30,0.00
B2,Cellulose Acetate 4. White Fiber,79.87,3.70,2.22,9.61,1.30,0.00
B2,Cellulose Acetate 4. White Fiber,80.45,17.39,10.22,547.00,1.30,0.00
B2,Cellulose Acetate 4. White Fiber,84.26,3.70,2.96,20.36,1.30,0.00
B2,Cellulose Acetate 4. White Fiber,84.73,4.49,4.35,28.20,1.30,0.00
B2,Cellulose Acetate 4. White Fiber,84.97,5.74,1.85,8.90,1.30,0.00
B2,Cellulose Acetate 4. White Fiber,85.00,20.69,2.61,120.55,1.30,0.00
B2,Cellulose Acetate 4. White Fiber,85.96,7.23,3.42,16.77,1.30,0.00
B2,Cellulose Acetate 4. White Fiber,86.21,4.70,1.05,3.40,1.30,0.00
B2,Cellulose Acetate 4. White Fiber,86.96,11.98,6.40,168.48,1.30,0.00
B2,Cellulose Acetate 4. White Fiber,87.02,4.12,2.33,9.61,1.30,0.00
B2,Cellulose Acetate 4. White Fiber,87.84,3.27,1.87,4.47,1.30,0.00
B2,Cellulose Acetate 4. White Fiber,87.92,4.31,1.23,3.92,1.30,0.00
B2,Cellulose Acetate 4. White Fiber,88.05,16.74,11.99,991.35,1.30,0.00
B2,Cellulose Acetate 4. White Fiber,88.54,17.41,7.66,465.98,1.30,0.00
B2,Cellulose Acetate 4. White Fiber,88.83,19.86,11.43,888.45,1.30,0.00
B2,Cellulose Acetate 4. White Fiber,89.00,40.15,4.63,411.90,1.30,0.00
B2,Cellulose Acetate 4. White Fiber,89.42,5.91,2.22,15.07,1.30,0.00
B2,Cellulose Acetate 4. White Fiber,89.70,6.36,3.55,40.28,1.30,0.00
B2,Cellulose Acetate 4. White Fiber,89.71,4.70,2.61,14.24,1.30,0.00
B2,Cellulose Acetate 4. White Fiber,89.80,33.89,9.36,336.25,1.30,0.00
B2,Cellulose Acetate 4. White Fiber,89.84,10.64,1.19,6.87,1.30,0.00
B2,Cellulose Acetate 4. White Fiber,89.85,9.02,1.85,15.91,1.30,0.00
B2,Cellulose Acetate 4. White Fiber,89.91,13.22,1.32,11.85,1.30,0.00
B2,Cellulose Acetate 4. White Fiber,90.61,2.96,2.96,6.87,1.30,0.00
B2,Cellulose Acetate 4. White Fiber,90.63,25.31,6.98,712.38,1.30,0.00
B2,Cellulose Acetate 4. White Fiber,90.89,2.96,2.22,8.20,1.30,0.00
B2,Cellulose Acetate 4. White Fiber,91.02,13.60,12.36,367.36,1.30,0.00
B2,Cellulose Acetate 4. White Fiber,91.07,9.61,2.22,26.16,1.30,0.00
B2,Cellulose Acetate 4. White Fiber,91.17,8.87,2.96,11.85,1.30,0.00
B2,Cellulose Acetate 4. White Fiber,91.30,3.64,1.98,6.24,1.30,0.00
B2,Cellulose Acetate 4. White Fiber,91.48,4.30,1.65,1.58,1.30,0.00
B2,Cellulose Acetate 4. White Fiber,91.75,10.04,1.56,11.85,1.30,0.00
B2,Cellulose Acetate 4. White Fiber,91.86,5.23,2.09,17.65,1.30,0.00
B2,Cellulose Acetate 4. White Fiber,92.11,11.51,6.76,115.57,1.30,0.00
B2,Cellulose Acetate 4. White Fiber,92.30,17.40,6.74,259.39,1.30,0.00
B2,Cellulose Acetate 4. White Fiber,92.52,13.80,5.31,56.29,1.30,0.00
B2,Cellulose Acetate 4. White Fiber,92.66,73.16,12.16,3865.33,1.30,0.01
B2,Cellulose Acetate 4. White Fiber,92.80,12.63,2.47,58.91,1.30,0.00
B2,Cellulose Acetate 4. White Fiber,94.02,14.78,10.35,589.10,1.30,0.00
B2,CELLULOSE PROPIONATE,76.51,13.59,7.84,473.89,1.23,0.00
B2,CELLULOSE PROPIONATE,84.80,3.69,2.05,5.04,1.23,0.00
B2,COLOR MASTERBATCH POLYPROPYLENE + 70% WHITE PIGMENT,75.68,6.81,3.05,20.36,2.00,0.00
B2,COLOR MASTERBATCH POLYSTYRENE + 50% WHITE PIGMENT,90.90,6.80,3.14,24.17,2.00,0.00
B2,DOW CORNING 67,83.93,14.78,8.13,555.33,0.91,0.00
B2,HYDROXYETHYLCELLULOSE,77.06,4.44,2.96,15.91,1.39,0.00
B2,LAPONITE (R) RD,77.12,4.44,3.70,28.20,1.00,0.00
B2,"NYLON 6,10",85.52,15.94,14.17,885.19,1.01,0.00
B2,"NYLON 6,6",81.60,8.42,1.40,6.24,1.08,0.00
B2,"NYLON 6,6",98.39,19.23,15.59,2321.88,1.08,0.00
B2,"NYLON 6,9",88.23,17.25,8.89,776.88,1.08,0.00
B2,Poly(isobutylene-co-isoprene),85.67,7.71,5.02,69.77,0.92,0.00
B2,Poly(p-phenylene ether-sulphone),95.13,12.56,8.26,458.12,1.37,0.00
B2,POLYALKYLBENZENE,86.84,28.98,28.83,9635.93,0.85,0.01
B2,Polystyrene 1. Brown Coffee Cup Lid,94.65,6.65,5.17,96.33,1.05,0.00
B2,Polystyrene 3. White Foam Container,90.71,5.75,4.70,71.17,1.05,0.00
B2,POLYSTYRENE HIGH IMPACT,96.42,8.87,7.39,112.28,1.05,0.00
B2,VIACRYL SC 166,88.64,18.93,18.93,3051.21,0.97,0.00
B2,Vinyl Alcohol/Vinyl Butyral Copolymer,86.09,3.70,2.96,11.85,0.97,0.00
B20,COLOR MASTERBATCH POLY[ETHYLENE-CO-(VINYL ACETATE)] + 45% YELLOW PIGMENT #3,77.85,2.97,2.97,14.92,0.91,0.00
B20,Polyethylene 6. White Microsphere,84.96,7.91,5.93,163.45,1.10,0.00
B20,Polymethylphenylsiloxane,94.85,12.54,7.12,245.30,2.65,0.00
B20,Polypropylene 7. White Toothbrush Handle,98.28,5.93,3.95,46.48,0.90,0.00
B20,Polypropylene 8. White Bottle Cap,99.10,4.19,2.10,12.04,0.90,0.00
B20,"POLYPROPYLENE+VISTALON 404, 1:1",95.68,4.19,2.80,13.45,0.90,0.00
B20,Polyvinyl Chloride 13. Grey Cable Cover,79.60,19.21,9.44,815.11,1.38,0.00
B20,Polyvinyl Chloride 13. Grey Cable Cover,79.13,4.94,3.95,34.04,1.38,0.00
B21,Polypropylene 10. Black Battery Holder,97.25,5.27,4.52,35.43,0.90,0.00
B21,Polypropylene 8. White Bottle Cap,97.89,19.04,8.63,650.05,0.90,0.00
B21,Polypropylene 8. White Bottle Cap,98.51,18.19,8.31,459.69,0.90,0.00
B21,Polypropylene 8. White Bottle Cap,96.94,11.67,3.56,35.43,0.90,0.00
B21,Polyvinyl Chloride 10. White Microsphere,93.31,36.02,28.24,11813.97,1.38,0.02
B21,Polyvinyl Chloride 13. Grey Cable Cover,80.87,53.75,27.17,25309.37,1.38,0.03
B21,Polyvinyl Chloride 13. Grey Cable Cover,78.72,25.03,9.93,1377.75,1.38,0.00
B21,Polyvinyl Chloride 13. Grey Cable Cover,80.01,18.76,9.11,637.89,1.38,0.00
B21,Polyvinyl Chloride 13. Grey Cable Cover,78.46,14.48,9.43,416.95,1.38,0.00
B21,Polyvinyl Chloride 13. Grey Cable Cover,77.04,11.91,6.67,269.68,1.38,0.00
B21,Polyvinyl Chloride 13. Grey Cable Cover,75.95,7.45,3.20,50.16,1.38,0.00
B21,Polyvinyl Chloride 13. Grey Cable Cover,83.60,9.77,3.30,35.43,1.38,0.00
B22,Cellulose Acetate 4. White Fiber,90.50,35.97,21.00,7893.18,1.23,0.01
B22,Cellulose Acetate 4. White Fiber,76.17,20.13,17.37,2296.07,1.23,0.00
B22,Cellulose Acetate 4. White Fiber,90.11,14.45,6.94,319.01,1.23,0.00
B22,Cellulose Acetate 4. White Fiber,86.29,12.26,7.36,210.28,1.23,0.00
B22,Cellulose Acetate 4. White Fiber,85.73,8.09,6.36,186.12,1.23,0.00
B22,Cellulose Acetate 4. White Fiber,86.14,7.31,6.58,59.23,1.23,0.00
B22,Cellulose Acetate 4. White Fiber,88.86,3.27,2.45,9.29,1.23,0.00
B22,Cellulose Acetate 4. White Fiber,81.92,3.29,2.19,7.61,1.23,0.00
B22,Cellulose Acetate 4. White Fiber,89.62,3.63,3.63,5.30,1.23,0.00
B22,Cellulose Acetate 4. White Fiber,85.42,4.62,1.73,3.29,1.23,0.00
B22,Cellulose Acetate 4. White Fiber,84.20,5.44,2.04,1.62,1.23,0.00
B22,DAPLEN KSR 4525,98.79,8.77,5.48,65.80,1.01,0.00
B22,POLY(M-PHENYLENE ISOPTHALAMIDE)/(VISCOSE),75.55,76.21,45.65,74884.50,1.47,0.11
B22,POLY(M-PHENYLENE ISOPTHALAMIDE)/(VISCOSE),77.19,64.55,54.48,65085.91,1.47,0.10
B22,POLY(M-PHENYLENE ISOPTHALAMIDE)/(VISCOSE),75.60,33.26,16.08,2958.57,1.47,0.00
B22,POLY(M-PHENYLENE ISOPTHALAMIDE)/(VISCOSE),78.35,4.90,4.09,54.45,1.47,0.00
B22,POLY(M-PHENYLENE ISOPTHALAMIDE)/(VISCOSE),76.55,9.32,3.71,45.30,1.47,0.00
B22,POLY(M-PHENYLENE ISOPTHALAMIDE)/(VISCOSE),75.47,2.45,2.45,145.00,1.47,0.00
B22,Poly(p-phenylene ether-sulphone),93.93,64.20,18.41,16415.00,1.37,0.02
B22,Polyester 1. White Fiber,77.07,3.47,2.31,9.29,1.38,0.00
B22,Polyester 2. Yellow Fiber,87.77,30.19,23.32,4523.00,1.38,0.01
B22,Polyester 2. Yellow Fiber,93.95,30.44,15.01,2887.48,1.38,0.00
B22,Polyester 2. Yellow Fiber,85.95,20.43,10.63,1413.91,1.38,0.00
B22,Polyester 2. Yellow Fiber,82.64,14.01,10.46,694.95,1.38,0.00
B22,Polyester 2. Yellow Fiber,87.60,5.72,5.72,74.34,1.38,0.00
B22,Polyester 2. Yellow Fiber,85.75,4.90,3.27,22.68,1.38,0.00
B22,Polyester 2. Yellow Fiber,78.56,4.90,3.27,16.02,1.38,0.00
B22,Polyethylene Terephthalate 13. Clear Plastic Sheet,88.14,51.51,22.33,8715.40,1.10,0.01
B22,Polyethylene Terephthalate 13. Clear Plastic Sheet,82.86,3.10,1.81,2.69,1.10,0.00
B22,Polyethylene Terephthalate 8. Clear Juice Bottle,93.63,54.32,28.52,13883.70,1.10,0.02
B22,Polyethylene Terephthalate 8. Clear Juice Bottle,95.33,35.00,30.32,13744.50,1.10,0.02
B22,Polyethylene Terephthalate 8. Clear Juice Bottle,88.32,23.01,21.08,4961.54,1.10,0.01
B22,Polyethylene Terephthalate 8. Clear Juice Bottle,95.00,24.82,21.63,4633.09,1.10,0.01
B22,Polyethylene Terephthalate 8. Clear Juice Bottle,96.76,34.02,12.23,2236.20,1.10,0.00
B22,Polyethylene Terephthalate 8. Clear Juice Bottle,88.62,10.88,8.73,350.66,1.10,0.00
B22,Polyethylene Terephthalate 8. Clear Juice Bottle,86.83,12.06,7.68,321.85,1.10,0.00
B22,Polyethylene Terephthalate 8. Clear Juice Bottle,87.38,6.54,4.90,101.96,1.10,0.00
B22,Polyethylene Terephthalate 8. Clear Juice Bottle,90.51,5.85,4.75,56.03,1.10,0.00
B22,Polyethylene Terephthalate 8. Clear Juice Bottle,96.64,6.54,3.27,48.29,1.10,0.00
B22,Polyethylene Terephthalate 8. Clear Juice Bottle,95.55,2.45,2.45,6.04,1.10,0.00
B22,Polyethylene Terephthalate 8. Clear Juice Bottle,91.29,2.56,1.83,145.00,1.10,0.00
B22,Polyethylene Terephthalate 9. White Shampoo Bottle,97.43,12.26,8.99,395.39,1.10,0.00
B22,Polyethylene Terephthalate 9. White Shampoo Bottle,97.24,7.52,5.56,126.05,1.10,0.00
B22,Polyethylene Terephthalate 9. White Shampoo Bottle,95.96,5.78,4.62,40.94,1.10,0.00
B22,Polyethylene Terephthalate 9. White Shampoo Bottle,97.98,5.95,1.91,3.92,1.10,0.00
B22,POLYOXYETHYLENE(20) SORBITAN MONOPALMITATE,81.85,17.09,11.17,906.30,2.65,0.00
B22,Polypropylene 10. Black Battery Holder,99.06,33.41,19.67,5552.24,0.90,0.01
B22,Polypropylene 10. Black Battery Holder,84.76,20.43,13.08,1344.72,0.90,0.00
B22,Polypropylene 10. Black Battery Holder,89.13,20.52,13.30,1308.30,0.90,0.00
B22,Polypropylene 10. Black Battery Holder,93.08,26.06,11.43,831.19,0.90,0.00
B22,Polypropylene 10. Black Battery Holder,97.67,18.43,7.93,804.06,0.90,0.00
B22,Polypropylene 10. Black Battery Holder,97.41,12.05,6.03,256.16,0.90,0.00
B22,Polypropylene 10. Black Battery Holder,84.52,9.81,7.36,176.74,0.90,0.00
B22,Polypropylene 10. Black Battery Holder,89.48,9.14,6.45,158.47,0.90,0.00
B22,Polypropylene 10. Black Battery Holder,95.11,4.05,3.47,27.53,0.90,0.00
B22,Polypropylene 10. Black Battery Holder,90.40,6.54,3.27,22.68,0.90,0.00
B22,Polypropylene 10. Black Battery Holder,82.34,5.21,4.53,12.99,0.90,0.00
B22,Polypropylene 10. Black Battery Holder,94.14,3.85,3.17,12.03,0.90,0.00
B22,Polypropylene 10. Black Battery Holder,91.08,4.62,3.47,12.03,0.90,0.00
B22,Polypropylene 7. White Toothbrush Handle,97.29,5.93,4.65,51.34,0.90,0.00
B22,Polypropylene 7. White Toothbrush Handle,93.13,3.27,2.45,3.92,0.90,0.00
B22,Polypropylene 8. White Bottle Cap,99.05,70.30,32.82,25244.18,0.90,0.02
B22,Polypropylene 8. White Bottle Cap,99.12,43.03,18.92,7306.64,0.90,0.01
B22,Polypropylene 8. White Bottle Cap,84.66,24.76,23.74,4702.35,0.90,0.00
B22,Polypropylene 8. White Bottle Cap,97.87,24.05,18.01,3642.89,0.90,0.00
B22,Polypropylene 8. White Bottle Cap,97.78,30.22,16.48,3478.37,0.90,0.00
B22,Polypropylene 8. White Bottle Cap,96.11,27.47,18.10,2241.62,0.90,0.00
B22,Polypropylene 8. White Bottle Cap,99.05,16.83,15.49,1423.22,0.90,0.00
B22,Polypropylene 8. White Bottle Cap,97.94,14.77,10.41,838.99,0.90,0.00
B22,Polypropylene 8. White Bottle Cap,84.97,12.79,12.79,651.37,0.90,0.00
B22,Polypropylene 8. White Bottle Cap,97.68,15.02,12.69,619.31,0.90,0.00
B22,Polypropylene 8. White Bottle Cap,98.95,12.26,11.44,509.79,0.90,0.00
B22,Polypropylene 8. White Bottle Cap,99.18,11.63,9.53,426.19,0.90,0.00
B22,Polypropylene 8. White Bottle Cap,98.75,10.97,5.85,217.71,0.90,0.00
B22,Polypropylene 8. White Bottle Cap,97.85,8.17,6.54,130.23,0.90,0.00
B22,Polypropylene 8. White Bottle Cap,97.09,7.93,3.57,52.89,0.90,0.00
B22,Polypropylene 8. White Bottle Cap,95.61,6.54,4.09,49.80,0.90,0.00
B22,Polypropylene 8. White Bottle Cap,99.01,5.12,4.39,39.52,0.90,0.00
B22,Polypropylene 8. White Bottle Cap,99.29,9.07,3.17,35.37,0.90,0.00
B22,Polypropylene 8. White Bottle Cap,97.33,2.89,2.89,9.29,0.90,0.00
B22,"POLYPROPYLENE+VISTALON 404, 1:1",95.67,18.82,11.38,519.75,0.90,0.00
B22,"POLYPROPYLENE+VISTALON 404, 1:1",90.99,5.55,2.58,20.37,0.90,0.00
B22,"POLYPROPYLENE+VISTALON 404, 1:1",94.41,6.55,2.36,6.04,0.90,0.00
B22,POLYSORBATE 80 STANDARD,91.81,18.49,11.56,1214.28,0.90,0.00
B22,Polyvinyl Chloride 10. White Microsphere,93.51,22.16,21.96,4488.78,1.38,0.01
B22,Polyvinyl Chloride 10. White Microsphere,92.78,18.78,16.99,2144.71,1.38,0.00
B22,Polyvinyl Chloride 10. White Microsphere,93.92,16.55,14.96,2007.28,1.38,0.00
B22,Polyvinyl Chloride 10. White Microsphere,95.25,4.08,2.04,1.62,1.38,0.00
B22,Polyvinyl Chloride 13. Grey Cable Cover,77.85,78.30,55.02,58228.15,1.38,0.08
B22,Polyvinyl Chloride 13. Grey Cable Cover,77.53,32.28,14.28,1697.01,1.38,0.00
B22,Polyvinyl Chloride 13. Grey Cable Cover,78.03,14.92,7.37,304.96,1.38,0.00
B22,Polyvinyl Chloride 13. Grey Cable Cover,78.37,12.06,6.58,272.11,1.38,0.00
B22,Polyvinyl Chloride 13. Grey Cable Cover,83.27,9.36,6.82,115.80,1.38,0.00
B22,Polyvinyl Chloride 13. Grey Cable Cover,78.90,5.72,5.72,54.45,1.38,0.00
B22,Polyvinyl Chloride 13. Grey Cable Cover,80.88,4.75,3.29,13.97,1.38,0.00
B22,Polyvinyl Chloride 13. Grey Cable Cover,75.59,3.27,3.27,7.61,1.38,0.00
B22,Polyvinyl Chloride 13. Grey Cable Cover,79.73,4.02,1.83,1.16,1.38,0.00
B22,Polyvinyl Chloride 21. Green Slinky Toy,76.03,63.49,59.21,73179.33,1.38,0.10
B23,POLY(ETHYLENE TEREPHTHALATE),95.78,6.21,6.21,117.01,1.10,0.00
B23,POLY[(ACRYLIC ACID):(BUTYL ACRYLATE):(METHACRYL AMIDE):STYRENE],76.71,34.16,15.53,4150.78,1.06,0.00
B23,Polyester 2. Yellow Fiber,88.95,16.69,12.76,1035.25,1.38,0.00
B23,Polyester 2. Yellow Fiber,81.54,4.14,4.14,39.09,1.38,0.00
B23,Polyester 4. White Fiber,77.75,16.07,11.55,852.85,1.38,0.00
B23,Polypropylene 10. Black Battery Holder,98.66,3.11,3.11,15.45,0.90,0.00
B23,Polyvinyl Chloride 10. White Microsphere,96.19,7.25,3.11,13.82,1.38,0.00
B23,Polyvinyl Chloride 13. Grey Cable Cover,82.98,131.03,75.99,286722.49,1.38,0.40
B23,Polyvinyl Chloride 13. Grey Cable Cover,84.00,118.70,33.69,80719.27,1.38,0.11
B23,Polyvinyl Chloride 13. Grey Cable Cover,79.37,167.24,24.78,55694.98,1.38,0.08
B23,Polyvinyl Chloride 13. Grey Cable Cover,77.34,112.76,30.04,47005.35,1.38,0.06
B23,Polyvinyl Chloride 13. Grey Cable Cover,79.20,71.34,36.11,31932.93,1.38,0.04
B23,Polyvinyl Chloride 13. Grey Cable Cover,78.21,43.93,30.16,16908.02,1.38,0.02
B23,Polyvinyl Chloride 13. Grey Cable Cover,76.09,76.29,20.37,15446.08,1.38,0.02
B23,Polyvinyl Chloride 13. Grey Cable Cover,81.21,68.23,18.64,14431.47,1.38,0.02
B23,Polyvinyl Chloride 13. Grey Cable Cover,78.24,59.31,14.78,7101.91,1.38,0.01
B23,Polyvinyl Chloride 13. Grey Cable Cover,76.90,106.61,9.14,5684.86,1.38,0.01
B23,Polyvinyl Chloride 13. Grey Cable Cover,83.44,49.18,15.91,3876.23,1.38,0.01
B23,Polyvinyl Chloride 13. Grey Cable Cover,83.09,28.87,16.07,3587.65,1.38,0.00
B23,Polyvinyl Chloride 13. Grey Cable Cover,79.25,26.31,24.40,3159.23,1.38,0.00
B23,Polyvinyl Chloride 13. Grey Cable Cover,79.31,25.26,15.21,2796.04,1.38,0.00
B23,Polyvinyl Chloride 13. Grey Cable Cover,77.47,26.51,16.81,2620.07,1.38,0.00
B23,Polyvinyl Chloride 13. Grey Cable Cover,76.12,42.68,14.76,2132.72,1.38,0.00
B23,Polyvinyl Chloride 13. Grey Cable Cover,83.23,28.71,14.64,1914.24,1.38,0.00
B23,Polyvinyl Chloride 13. Grey Cable Cover,79.87,21.75,12.03,1848.61,1.38,0.00
B23,Polyvinyl Chloride 13. Grey Cable Cover,75.04,40.22,13.83,1441.17,1.38,0.00
B23,Polyvinyl Chloride 13. Grey Cable Cover,76.84,21.74,9.32,1186.61,1.38,0.00
B23,Polyvinyl Chloride 13. Grey Cable Cover,82.17,15.50,11.13,1116.96,1.38,0.00
B23,Polyvinyl Chloride 13. Grey Cable Cover,77.20,28.97,7.83,760.09,1.38,0.00
B23,Polyvinyl Chloride 13. Grey Cable Cover,80.62,30.56,6.76,741.97,1.38,0.00
B23,Polyvinyl Chloride 13. Grey Cable Cover,85.02,18.65,8.73,488.45,1.38,0.00
B23,Polyvinyl Chloride 13. Grey Cable Cover,75.70,13.89,7.87,358.91,1.38,0.00
B23,Polyvinyl Chloride 13. Grey Cable Cover,83.18,35.14,3.73,290.46,1.38,0.00
B23,Polyvinyl Chloride 13. Grey Cable Cover,78.60,26.43,3.73,239.28,1.38,0.00
B23,Polyvinyl Chloride 13. Grey Cable Cover,79.81,16.58,3.81,165.34,1.38,0.00
B23,Polyvinyl Chloride 13. Grey Cable Cover,80.32,7.41,7.41,154.52,1.38,0.00
B23,Polyvinyl Chloride 13. Grey Cable Cover,75.68,6.32,4.88,66.36,1.38,0.00
B23,Polyvinyl Chloride 13. Grey Cable Cover,78.44,7.41,3.70,43.69,1.38,0.00
B23,Polyvinyl Chloride 13. Grey Cable Cover,79.88,12.44,2.20,43.69,1.38,0.00
B23,Polyvinyl Chloride 13. Grey Cable Cover,84.53,7.41,2.78,30.43,1.38,0.00
B23,Polyvinyl Chloride 13. Grey Cable Cover,78.36,9.51,1.46,24.42,1.38,0.00
B23,Polyvinyl Chloride 13. Grey Cable Cover,79.76,4.39,3.66,20.67,1.38,0.00
B23,Polyvinyl Chloride 13. Grey Cable Cover,79.84,4.63,3.70,17.13,1.38,0.00
B23,Polyvinyl Chloride 13. Grey Cable Cover,82.41,7.41,3.24,15.45,1.38,0.00
B23,Polyvinyl Chloride 13. Grey Cable Cover,83.83,8.84,2.95,13.82,1.38,0.00
B23,Polyvinyl Chloride 13. Grey Cable Cover,75.83,7.41,1.85,13.82,1.38,0.00
B23,Polyvinyl Chloride 13. Grey Cable Cover,78.56,4.14,3.11,10.76,1.38,0.00
B23,Polyvinyl Chloride 13. Grey Cable Cover,79.60,5.17,1.15,3.30,1.38,0.00
B23,Polyvinyl Chloride 26. White Railcard,75.98,22.77,13.46,1648.51,1.38,0.00
B23,POLYVINYLFORMAL,79.62,5.45,3.73,22.52,1.23,0.00
B23,POLYVINYLFORMAL,76.53,4.39,2.93,6.67,1.23,0.00
B23,RESIN SK,85.71,10.35,5.18,203.13,1.40,0.00
B24,JEFFAMINE M-2070,75.15,9.74,7.08,77.80,0.94,0.00
B24,Polyvinyl Chloride 13. Grey Cable Cover,78.06,167.07,37.17,112518.44,1.38,0.16
B24,Polyvinyl Chloride 13. Grey Cable Cover,79.21,3.96,2.97,21.35,1.38,0.00
B24,Polyvinyl Chloride 13. Grey Cable Cover,77.30,6.40,2.52,10.71,1.38,0.00
B24,POLYOXYETHYLENE(8) OCTYLPHENYL ETHER,88.21,29.39,28.69,10834.16,,
B24,Polypropylene 10. Black Battery Holder,97.57,12.15,7.24,285.25,0.90,0.00
B24,"POLYPROPYLENE+VISTALON 404, 1:1",94.64,6.64,3.10,30.30,0.90,0.00
B24,Polypropylene 10. Black Battery Holder,94.25,14.10,7.66,324.43,0.90,0.00
B25,Cellulose Acetate 4. White Fiber,84.55,91.99,19.21,12018.42,1.23,0.01
B25,Cellulose Acetate 4. White Fiber,78.23,8.44,6.33,141.32,1.23,0.00
B25,Cellulose Acetate 4. White Fiber,83.40,11.18,6.86,70.18,1.23,0.00
B25,Cellulose Acetate 4. White Fiber,84.50,11.18,2.24,23.81,1.23,0.00
B25,CELLULOSE PROPIONATE,86.81,5.27,3.16,27.89,1.23,0.00
B26,"Polydimethylsiloxane, dimethylamine terminated",90.49,101.73,40.13,109296.73,2.65,0.29
B26,Polyethylene Terephthalate 8. Clear Juice Bottle,96.70,3.55,2.84,22.37,1.10,0.00
B26,Polyethylene Terephthalate 8. Clear Juice Bottle,95.75,6.29,2.25,17.29,1.10,0.00
B26,Polyethylene Terephthalate 8. Clear Juice Bottle,97.87,3.02,3.02,17.29,1.10,0.00
B26,Polyethylene Terephthalate 8. Clear Juice Bottle,94.76,5.61,3.41,8.54,1.10,0.00
B26,Polymethylphenylsiloxane,90.61,25.17,13.94,3101.59,2.65,0.01
B26,Polystyrene 14. Clear Refrigerator Drawer,80.97,6.03,5.03,87.03,1.05,0.00
B26,Polyvinyl Chloride 10. White Microsphere,92.84,15.08,13.07,960.60,1.38,0.00
B26,Polyvinyl Chloride 10. White Microsphere,92.83,12.06,11.06,496.19,1.38,0.00
B27,POLY(M-PHENYLENE ISOPTHALAMIDE)/(VISCOSE),77.24,2.92,2.92,12.15,1.47,0.00
B28,CELLULOSE PROPIONATE,75.05,4.31,3.59,26.82,1.23,0.00
B28,CELLULOSE PROPIONATE,75.23,5.14,2.89,17.83,1.23,0.00
B28,CP 310 W,89.65,24.42,22.98,5238.38,1.01,0.01
B28,CP 310 W,90.40,12.19,8.13,471.52,1.01,0.00
B28,CP 310 W,90.48,10.16,7.11,214.53,1.01,0.00
B28,EMBLAR OV,76.03,5.08,5.08,36.94,0.94,0.00
B28,EMBLAR OV,76.64,5.08,3.05,24.92,0.94,0.00
B28,"NYLON 6,6",97.57,5.75,4.31,45.79,1.08,0.00
B28,POLY(M-PHENYLENE ISOPTHALAMIDE)/(VISCOSE),76.95,5.00,4.54,41.29,1.47,0.00
B28,POLY(M-PHENYLENE ISOPTHALAMIDE)/(VISCOSE),76.30,10.56,6.02,19.53,1.47,0.00
B28,Polyacetal,92.52,7.90,7.90,222.24,1.41,0.00
B28,Polyester 2. Yellow Fiber,84.98,6.46,5.75,113.66,1.38,0.00
B28,Polymethylphenylsiloxane,75.23,7.73,6.79,73.16,1.10,0.00
B28,POLYOXYETHYLENE(20) SORBITAN MONOPALMITATE,87.13,14.22,9.14,639.58,2.65,0.00
B28,Polypropylene 10. Black Battery Holder,98.25,10.06,7.18,295.54,0.90,0.00
B28,Polypropylene 10. Black Battery Holder,98.74,10.06,6.46,291.29,0.90,0.00
B28,Polypropylene 10. Black Battery Holder,77.50,9.14,7.11,203.14,0.90,0.00
B28,Polypropylene 10. Black Battery Holder,85.88,5.08,4.06,36.94,0.90,0.00
B28,Polypropylene 8. White Bottle Cap,97.50,14.03,9.87,718.30,0.90,0.00
B28,Polypropylene 8. White Bottle Cap,98.18,10.90,8.18,282.85,0.90,0.00
B28,Polypropylene 8. White Bottle Cap,98.19,7.39,4.18,55.24,0.90,0.00
B28,POLYPROPYLENE-GRAFT-MALEIC ANHYDRIDE,93.70,4.06,3.05,14.60,0.90,0.00
B28,"POLYPROPYLENE+VISTALON 404, 1:1",93.01,18.17,12.72,1491.59,0.90,0.00
B28,"POLYPROPYLENE+VISTALON 404, 1:1",97.92,15.42,10.92,927.95,0.90,0.00
B28,"POLYPROPYLENE+VISTALON 404, 1:1",98.59,14.08,8.63,380.12,0.90,0.00
B28,"POLYPROPYLENE+VISTALON 404, 1:1",97.20,9.01,5.07,110.58,0.90,0.00
B28,"POLYPROPYLENE+VISTALON 404, 1:1",87.08,7.90,4.31,101.49,0.90,0.00
B28,Polyvinyl Chloride 21. Green Slinky Toy,77.22,10.77,10.06,590.60,1.38,0.00
B29,EASTOTACK H 100 R,78.41,4.35,4.35,42.70,1.04,0.00
B29,POLY(M-PHENYLENE ISOPTHALAMIDE)/(VISCOSE),75.57,5.38,5.38,80.02,1.47,0.00
B29,POLY(M-PHENYLENE ISOPTHALAMIDE)/(VISCOSE),77.40,6.52,4.35,70.74,1.47,0.00
B29,POLY(M-PHENYLENE ISOPTHALAMIDE)/(VISCOSE),75.00,6.19,3.78,30.56,1.47,0.00
B3,"ALPEX CK-450, CYCLIZED RUBBER",77.30,12.17,4.91,168.53,1.00,0.00
B3,"ALPEX CK-450, CYCLIZED RUBBER",91.80,7.73,3.87,82.33,1.00,0.00
B3,Cellulose Acetate 4. White Fiber,85.50,25.78,1.90,67.68,1.30,0.00
B3,Cellulose Acetate 4. White Fiber,85.60,24.28,6.86,299.87,1.30,0.00
B3,Cellulose Acetate 4. White Fiber,85.70,16.43,7.73,339.47,1.30,0.00
B3,Cellulose Acetate 4. White Fiber,85.70,6.83,2.73,18.33,1.30,0.00
B3,Cellulose Acetate 4. White Fiber,85.80,15.73,3.11,77.34,1.30,0.00
B3,Cellulose Acetate 4. White Fiber,87.10,4.10,0.68,2.68,1.30,0.00
B3,Cellulose Acetate 4. White Fiber,87.90,7.00,4.13,12.57,1.30,0.00
B3,Cellulose Acetate 4. White Fiber,89.10,6.15,2.05,12.57,1.30,0.00
B3,Cellulose Acetate 4. White Fiber,89.60,33.12,17.67,4032.74,1.30,0.01
B3,Cellulose Acetate 4. White Fiber,90.60,12.83,3.84,33.67,1.30,0.00
B3,Cellulose Acetate 4. White Fiber,91.30,33.02,21.07,6752.38,1.30,0.01
B3,Cellulose Acetate 4. White Fiber,93.80,6.80,5.86,39.44,1.30,0.00
B3,Cellulose Acetate 4. White Fiber,95.30,7.94,5.56,82.33,1.30,0.00
B3,CELLULOSE PROPIONATE,76.20,5.47,2.73,21.47,1.23,0.00
B3,CELLULOSE PROPIONATE,78.30,8.70,4.83,67.68,1.23,0.00
B3,CELLULOSE PROPIONATE,79.70,3.87,2.90,16.82,1.23,0.00
B3,COLOR MASTERBATCH POLYPROPYLENE + 70% WHITE PIGMENT,88.90,7.95,3.67,26.48,2.00,0.00
B3,"NYLON 6,9",80.70,29.14,24.77,5461.57,1.08,0.01
B3,"NYLON 6,9",84.90,14.06,4.92,155.90,1.08,0.00
B3,Poly(butylene terephthalate),95.40,36.79,26.85,14167.50,1.30,0.02
B3,POLY(TETRAFLUOROETHYLENE),87.80,7.73,2.90,21.47,1.37,0.00
B3,POLY(TRIMETHYLPENTYLEN ADIPATE),93.50,37.69,19.33,8554.35,1.37,0.01
B3,POLY[(ACRYLIC ACID):(BUTYL ACRYLATE):(METHACRYL AMIDE):STYRENE],88.80,36.27,30.78,17737.14,1.13,0.02
B3,POLYETHYLENE GLYCOL 400,84.20,18.28,9.38,584.47,1.13,0.00
B3,Polypropylene Isotactic Chlorinated 32% Chlorine,80.20,3.03,2.16,6.48,0.90,0.00
B3,Polypropylene Isotactic Chlorinated 32% Chlorine,80.50,5.12,2.65,13.94,0.90,0.00
B3,REGALITE R 7100,75.60,7.73,4.83,97.90,1.03,0.00
B3,TEFLON,75.90,6.83,4.78,87.42,2.20,0.00
B3,TEFLON,76.30,8.70,6.77,171.74,2.20,0.00
B3,TEFLON,76.90,6.83,4.10,60.72,2.20,0.00
B3,TEFLON,77.90,10.37,8.21,265.66,2.20,0.00
B3,TEFLON,78.80,8.15,5.87,39.44,2.20,0.00
B3,TEFLON,78.90,3.75,2.41,2.68,2.20,0.00
B3,TEFLON,79.00,6.15,4.10,63.01,2.20,0.00
B3,TEFLON,79.40,4.78,4.10,45.50,2.20,0.00
B3,TEFLON,80.00,6.77,5.80,120.02,2.20,0.00
B3,TEFLON,81.00,4.10,2.73,15.36,2.20,0.00
B3,TEFLON,81.50,3.87,3.87,21.47,2.20,0.00
B3,TEFLON,82.00,7.64,6.42,120.02,2.20,0.00
B3,TEFLON,82.80,3.42,2.73,16.82,2.20,0.00
B3,TEFLON,84.70,4.10,3.42,26.48,2.20,0.00
B3,TEFLON,86.20,5.80,3.87,56.22,2.20,0.00
B3,TEFLON,86.70,5.80,3.87,56.22,2.20,0.00
B3,TEFLON,86.90,6.42,5.20,77.34,2.20,0.00
B3,TEFLON,87.30,6.83,4.10,33.67,2.20,0.00
B3,TEFLON,87.40,7.73,6.77,171.74,2.20,0.00
B3,TEFLON,87.70,5.80,2.90,23.10,2.20,0.00
B3,TEFLON,87.90,4.83,2.90,15.36,2.20,0.00
B3,TEFLON,89.40,3.89,1.30,3.53,2.20,0.00
B3,TEFLON,89.80,4.10,3.42,19.88,2.20,0.00
B3,TEFLON,90.00,2.90,2.90,13.94,2.20,0.00
B3,TEFLON,92.00,2.90,2.90,0.68,2.20,0.00
B3,TEFLON,93.00,12.30,8.88,508.71,2.20,0.00
B31,Poly(p-phenylene ether-sulphone),89.23,17.42,7.63,113.65,1.37,0.00
B31,Polystyrene 1. Brown Coffee Cup Lid,81.32,7.64,6.43,129.80,1.05,0.00
B32,Cellulose Acetate 4. White Fiber,84.70,5.47,2.74,13.22,1.30,0.00
B32,"NYLON 6,10",76.00,5.69,4.45,19.77,1.01,0.00
B33,CELLULOSE PROPIONATE,81.32,16.41,10.33,644.65,1.23,0.00
B33,CELLULOSE PROPIONATE,82.56,17.32,7.81,387.26,1.23,0.00
B33,CELLULOSE PROPIONATE,75.87,9.40,5.32,157.80,1.23,0.00
B33,CELLULOSE PROPIONATE,77.39,7.00,5.60,144.83,1.23,0.00
B33,CELLULOSE PROPIONATE,81.18,6.64,4.87,42.44,1.23,0.00
B33,CELLULOSE PROPIONATE,76.62,6.49,4.08,40.34,1.23,0.00
B33,CELLULOSE PROPIONATE,83.37,3.50,2.10,10.74,1.23,0.00
B33,"LEVAFLEX EP-390, POLYPROPYLENE BASED",91.68,23.73,12.38,1966.35,1.00,0.00
B33,"LEVAFLEX EP-390, POLYPROPYLENE BASED",79.82,10.52,7.73,213.22,1.00,0.00
B33,MACRYNAL SM 51ON 60 LG,93.70,13.10,8.58,542.45,1.00,0.00
B33,MACRYNAL SM 51ON 60 LG,94.58,4.95,3.96,42.44,1.01,0.00
B33,"NYLON 6,6",95.23,22.88,21.91,4762.96,1.08,0.01
B33,"NYLON 6,6",98.17,23.62,11.25,1070.34,1.08,0.00
B33,"NYLON 6,6",96.60,14.01,5.49,227.92,1.08,0.00
B33,"NYLON 6,6",95.60,14.01,4.94,191.79,1.08,0.00
B33,"NYLON 6,6",98.59,6.59,5.22,80.58,1.08,0.00
B33,"NYLON 6,6",97.84,5.55,2.77,18.10,1.08,0.00
B33,Polyamide 1. White Cable Tie,86.83,4.43,2.21,13.53,1.30,0.00
B33,Polyamide 2. White Pellet,87.06,31.77,11.06,1698.46,1.30,0.00
B33,Polyamide 2. White Pellet,96.64,22.63,8.63,752.56,1.30,0.00
B33,Polyamide 2. White Pellet,96.73,14.71,9.10,618.55,1.30,0.00
B33,Polyamide 2. White Pellet,94.35,15.36,6.12,356.64,1.30,0.00
B33,Polyamide 2. White Pellet,97.37,12.37,4.73,188.29,1.30,0.00
B33,Polyamide 2. White Pellet,95.06,8.43,7.62,96.85,1.30,0.00
B33,Polyamide 2. White Pellet,98.21,7.30,6.28,96.85,1.30,0.00
B33,Polyamide 2. White Pellet,96.37,6.64,4.87,77.97,1.30,0.00
B33,Polyamide 2. White Pellet,97.99,8.91,4.95,70.30,1.30,0.00
B33,Polyamide 2. White Pellet,95.85,6.20,5.31,65.34,1.30,0.00
B33,Polyamide 2. White Pellet,97.74,4.95,4.95,51.21,1.30,0.00
B33,Polyamide 2. White Pellet,97.13,4.95,3.96,48.96,1.30,0.00
B33,Polyamide 2. White Pellet,97.77,5.52,5.04,40.34,1.30,0.00
B33,Polyamide 2. White Pellet,98.08,4.95,4.95,36.24,1.30,0.00
B33,Polyamide 2. White Pellet,96.87,7.75,4.22,34.24,1.30,0.00
B33,Polyamide 2. White Pellet,98.88,4.95,2.97,26.65,1.30,0.00
B33,Polyamide 2. White Pellet,98.01,3.96,3.96,21.39,1.30,0.00
B33,Polyamide 2. White Pellet,98.33,4.95,2.97,19.72,1.30,0.00
B33,Polyethylene 10. Grey Grocery Bag,97.72,3.99,2.21,10.74,0.91,0.00
B33,POLYOXYETHYLENE(10) OCTYLPHENYL ETHER,76.48,20.40,15.25,960.31,1.01,0.00
B33,Polystyrene 5. Orange Microsphere,88.03,17.32,11.38,780.39,1.05,0.00
B33,POLYSTYRENE HIGH IMPACT,97.91,30.50,14.26,2948.53,1.05,0.00
B33,TEFLON,75.29,5.94,4.95,23.10,2.20,0.00
B33,TEFLON,75.42,2.97,2.97,18.10,2.20,0.00
B35,COLOR MASTERBATCH POLY[ETHYLENE-CO-(VINYL ACETATE)] + 45% YELLOW PIGMENT #3,93.03,8.53,4.61,83.44,0.95,0.00
B35,COLOR MASTERBATCH POLY[ETHYLENE-CO-(VINYL ACETATE)] + 45% YELLOW PIGMENT #4,87.28,4.35,3.48,30.23,0.95,0.00
B35,Poly(4-Methyl-1-Pentene),79.14,5.22,4.35,20.59,0.83,0.00
B35,TEFLON,75.76,6.96,3.48,33.20,2.20,0.00
B35,TEFLON,80.13,4.35,3.48,24.57,2.20,0.00
B36,Cellulose Acetate 4. White Fiber,79.55,9.22,5.83,111.52,1.30,0.00
B36,Cellulose Acetate 4. White Fiber,84.51,12.00,4.29,98.09,1.30,0.00
B36,Cellulose Acetate 4. White Fiber,92.88,5.70,2.31,12.26,1.30,0.00
B36,Cellulose Acetate 4. White Fiber,79.95,4.79,3.83,10.97,1.30,0.00
B36,CELLULOSE PROPIONATE,77.05,9.59,4.51,87.77,1.23,0.00
B36,CELLULOSE PROPIONATE,79.56,3.39,2.71,10.97,1.23,0.00
B36,"NYLON 6,6",96.92,15.59,5.29,114.27,1.08,0.00
B36,"NYLON 6,6",95.84,6.41,5.16,66.00,1.08,0.00
B36,"NYLON 6,6",88.05,6.90,2.30,12.26,1.08,0.00
B36,"NYLON 6,6",86.58,4.79,2.88,10.97,1.08,0.00
B36,Polyamide 2. White Pellet,98.26,69.16,11.87,5316.33,1.30,0.01
B36,Polyamide 2. White Pellet,97.08,18.00,10.63,697.12,1.30,0.00
B36,Polyamide 2. White Pellet,97.63,13.86,5.40,158.16,1.30,0.00
B36,Polyamide 2. White Pellet,97.35,7.28,4.98,73.03,1.30,0.00
B36,Polyamide 2. White Pellet,97.29,9.07,3.49,46.41,1.30,0.00
B36,Polyamide 2. White Pellet,98.97,4.79,3.83,32.84,1.30,0.00
B36,Polyamide 2. White Pellet,93.40,5.92,2.96,16.41,1.30,0.00
B36,POLYVINYLFORMAL,78.06,9.04,4.78,61.45,1.23,0.00
B36,TEFLON,75.63,5.58,2.39,17.88,2.20,0.00
B37,ACRYLIC COPOLYMER WITH STYRENE,82.57,2.81,2.81,13.65,1.09,0.00
B37,COLOR MASTERBATCH POLY[ETHYLENE-CO-(VINYL ACETATE)] + 45% YELLOW PIGMENT #3,78.29,6.35,4.16,47.16,0.95,0.00
B37,COLOR MASTERBATCH POLY[ETHYLENE-CO-(VINYL ACETATE)] + 45% YELLOW PIGMENT #3,81.61,7.45,2.98,37.57,0.95,0.00
B37,COLOR MASTERBATCH POLY[ETHYLENE-CO-(VINYL ACETATE)] + 45% YELLOW PIGMENT #3,87.67,4.44,4.22,15.90,0.95,0.00
B37,COLOR MASTERBATCH POLY[ETHYLENE-CO-(VINYL ACETATE)] + 45% YELLOW PIGMENT #3,85.94,4.13,4.13,15.90,0.95,0.00
B37,COLOR MASTERBATCH POLY[ETHYLENE-CO-(VINYL ACETATE)] + 45% YELLOW PIGMENT #3,81.91,4.47,2.98,8.86,0.95,0.00
B37,COLOR MASTERBATCH POLY[ETHYLENE-CO-(VINYL ACETATE)] + 45% YELLOW PIGMENT #3,83.12,3.11,3.11,8.86,0.95,0.00
B37,COLOR MASTERBATCH POLY[ETHYLENE-CO-(VINYL ACETATE)] + 45% YELLOW PIGMENT #4,81.78,14.46,9.23,331.84,0.95,0.00
B37,COLOR MASTERBATCH POLY[ETHYLENE-CO-(VINYL ACETATE)] + 45% YELLOW PIGMENT #4,90.38,15.95,7.98,317.12,0.95,0.00
B37,COLOR MASTERBATCH POLY[ETHYLENE-CO-(VINYL ACETATE)] + 45% YELLOW PIGMENT #4,80.27,16.21,8.49,264.45,0.95,0.00
B37,COLOR MASTERBATCH POLY[ETHYLENE-CO-(VINYL ACETATE)] + 45% YELLOW PIGMENT #4,88.49,6.32,6.32,113.60,0.95,0.00
B37,COLOR MASTERBATCH POLY[ETHYLENE-CO-(VINYL ACETATE)] + 45% YELLOW PIGMENT #4,86.12,5.62,4.92,79.96,0.95,0.00
B37,COLOR MASTERBATCH POLY[ETHYLENE-CO-(VINYL ACETATE)] + 45% YELLOW PIGMENT #4,85.14,9.44,5.46,65.91,0.95,0.00
B37,COLOR MASTERBATCH POLY[ETHYLENE-CO-(VINYL ACETATE)] + 45% YELLOW PIGMENT #4,88.02,5.55,4.89,64.68,0.95,0.00
B37,COLOR MASTERBATCH POLY[ETHYLENE-CO-(VINYL ACETATE)] + 45% YELLOW PIGMENT #4,77.48,6.28,3.46,50.52,0.95,0.00
B37,COLOR MASTERBATCH POLY[ETHYLENE-CO-(VINYL ACETATE)] + 45% YELLOW PIGMENT #4,87.98,9.78,4.30,43.89,0.95,0.00
B37,COLOR MASTERBATCH POLY[ETHYLENE-CO-(VINYL ACETATE)] + 45% YELLOW PIGMENT #4,87.18,4.92,3.51,26.88,0.95,0.00
B37,COLOR MASTERBATCH POLY[ETHYLENE-CO-(VINYL ACETATE)] + 45% YELLOW PIGMENT #4,87.30,4.21,2.81,25.97,0.95,0.00
B37,COLOR MASTERBATCH POLY[ETHYLENE-CO-(VINYL ACETATE)] + 45% YELLOW PIGMENT #4,85.89,4.21,2.81,19.07,0.95,0.00
B37,COLOR MASTERBATCH POLY[ETHYLENE-CO-(VINYL ACETATE)] + 45% YELLOW PIGMENT #4,89.55,3.97,2.98,18.26,0.95,0.00
B37,COLOR MASTERBATCH POLY[ETHYLENE-CO-(VINYL ACETATE)] + 45% YELLOW PIGMENT #4,79.70,4.21,2.81,18.26,0.95,0.00
B37,COLOR MASTERBATCH POLY[ETHYLENE-CO-(VINYL ACETATE)] + 45% YELLOW PIGMENT #4,81.35,4.48,2.92,17.46,0.95,0.00
B37,COLOR MASTERBATCH POLY[ETHYLENE-CO-(VINYL ACETATE)] + 45% YELLOW PIGMENT #4,86.32,4.70,2.74,15.90,0.95,0.00
B37,COLOR MASTERBATCH POLY[ETHYLENE-CO-(VINYL ACETATE)] + 45% YELLOW PIGMENT #4,80.73,5.65,2.53,14.39,0.95,0.00
B37,COLOR MASTERBATCH POLY[ETHYLENE-CO-(VINYL ACETATE)] + 45% YELLOW PIGMENT #4,79.68,4.00,2.44,11.51,0.95,0.00
B37,COLOR MASTERBATCH POLY[ETHYLENE-CO-(VINYL ACETATE)] + 45% YELLOW PIGMENT #4,81.82,3.51,2.11,9.51,0.95,0.00
B37,COLOR MASTERBATCH POLYPROPYLENE + 70% WHITE PIGMENT,86.09,19.66,15.45,2186.72,2.00,0.00
B37,PARALOID(TM)B 72,81.06,4.92,2.81,26.88,1.15,0.00
B37,"POLY(ETHYLENE:PROPYLENE:DIENE) (50% ETHYLENE, 8% DIENE)",92.48,3.51,3.51,21.58,1.30,0.00
B37,POLY(M-PHENYLENE ISOPTHALAMIDE)/(VISCOSE),76.65,20.27,14.18,1480.92,1.38,0.00
B37,POLY(NEOPENTYLENE TEREPHTHALATE),87.34,10.46,5.97,122.60,1.39,0.00
B37,Polyethylene 6. White Microsphere,81.56,12.25,5.27,228.03,0.91,0.00
B37,Polyethylene 6. White Microsphere,85.03,6.32,6.32,110.65,0.91,0.00
B37,Polyethylene 6. White Microsphere,83.31,6.04,5.45,92.11,0.91,0.00
B37,Polyethylene 6. White Microsphere,76.11,8.43,4.92,88.00,0.91,0.00
B37,Polyethylene 6. White Microsphere,81.73,5.62,5.62,83.95,0.91,0.00
B37,Polyethylene 6. White Microsphere,82.03,6.32,4.92,81.28,0.91,0.00
B37,Polyethylene 6. White Microsphere,81.45,9.06,4.25,78.65,0.91,0.00
B37,Polyethylene 6. White Microsphere,84.65,9.13,2.81,62.24,0.91,0.00
B37,Polyethylene 6. White Microsphere,78.53,4.92,4.21,47.16,0.91,0.00
B37,Polyethylene 6. White Microsphere,78.61,11.94,3.51,47.16,0.91,0.00
B37,Polyethylene 6. White Microsphere,82.52,4.92,4.92,43.89,0.91,0.00
B37,Polyethylene 6. White Microsphere,82.20,5.96,3.48,38.60,0.91,0.00
B37,Polyethylene 6. White Microsphere,76.93,5.62,3.51,25.97,0.91,0.00
B37,Polyethylene 6. White Microsphere,82.79,4.21,3.51,25.07,0.91,0.00
B37,Polyethylene 6. White Microsphere,85.12,6.22,3.33,25.07,0.91,0.00
B37,Polyethylene 6. White Microsphere,81.13,4.21,2.81,19.90,0.91,0.00
B37,Polyethylene 6. White Microsphere,81.15,4.21,2.81,19.07,0.91,0.00
B37,Polyethylene 6. White Microsphere,81.40,4.44,2.67,18.26,0.91,0.00
B37,Polyethylene 6. White Microsphere,84.88,4.13,2.76,13.65,0.91,0.00
B37,Polyethylene 6. White Microsphere,78.86,2.98,2.98,13.65,0.91,0.00
B37,Polyethylene 6. White Microsphere,83.41,4.40,2.51,12.21,0.91,0.00
B37,Polyethylene 6. White Microsphere,84.03,3.51,2.81,10.83,0.91,0.00
B37,Polyethylene 6. White Microsphere,82.09,2.81,2.81,10.16,0.91,0.00
B37,Polyethylene 6. White Microsphere,76.45,3.97,2.48,8.86,0.91,0.00
B37,POLYSTYRENE HIGH IMPACT,97.07,10.91,5.45,97.70,1.05,0.00
B37,POLYSTYRENE HIGH IMPACT,98.13,6.91,4.71,56.28,1.05,0.00
B37,POLYVINYLFORMAL,77.27,12.48,5.66,237.44,1.23,0.00
B37,TEFLON,76.10,46.66,28.43,9349.99,2.20,0.02
B37,TEFLON,86.01,17.94,13.45,655.58,2.20,0.00
B37,TEFLON,79.76,13.19,10.05,639.70,2.20,0.00
B37,TEFLON,86.98,19.82,9.69,618.73,2.20,0.00
B37,TEFLON,81.24,18.22,7.85,452.55,2.20,0.00
B37,TEFLON,76.41,17.88,9.20,431.58,2.20,0.00
B37,TEFLON,82.23,12.91,7.45,390.64,2.20,0.00
B37,TEFLON,81.55,13.41,7.45,390.64,2.20,0.00
B37,TEFLON,82.52,11.96,8.36,286.35,2.20,0.00
B37,TEFLON,84.26,14.82,6.87,268.39,2.20,0.00
B37,TEFLON,79.09,13.22,10.61,252.76,2.20,0.00
B37,TEFLON,83.72,13.34,10.39,246.98,2.20,0.00
B37,TEFLON,83.08,9.93,8.44,231.78,2.20,0.00
B37,TEFLON,79.42,8.43,6.32,218.75,2.20,0.00
B37,TEFLON,76.58,9.13,7.02,202.37,2.20,0.00
B37,TEFLON,82.05,10.37,5.92,202.37,2.20,0.00
B37,TEFLON,75.50,15.02,5.63,191.69,2.20,0.00
B37,TEFLON,81.19,7.33,7.11,182.94,2.20,0.00
B37,TEFLON,81.94,14.75,6.39,142.88,2.20,0.00
B37,TEFLON,87.74,11.69,4.68,141.29,2.20,0.00
B37,TEFLON,88.92,10.53,5.62,139.70,2.20,0.00
B37,TEFLON,82.37,12.26,6.30,134.96,2.20,0.00
B37,TEFLON,77.90,6.81,6.47,130.28,2.20,0.00
B37,TEFLON,83.40,10.05,6.47,121.09,2.20,0.00
B37,TEFLON,75.14,7.02,5.62,121.09,2.20,0.00
B37,TEFLON,83.10,7.02,5.62,116.57,2.20,0.00
B37,TEFLON,87.80,9.74,4.40,116.57,2.20,0.00
B37,TEFLON,78.36,6.32,5.62,113.60,2.20,0.00
B37,TEFLON,88.16,11.19,5.34,109.18,2.20,0.00
B37,TEFLON,84.95,8.76,5.35,103.39,2.20,0.00
B37,TEFLON,78.14,6.32,5.62,103.39,2.20,0.00
B37,TEFLON,84.21,11.42,5.42,101.95,2.20,0.00
B37,TEFLON,83.72,8.17,5.03,96.29,2.20,0.00
B37,TEFLON,80.54,6.32,4.92,93.50,2.20,0.00
B37,TEFLON,79.92,8.88,4.72,92.11,2.20,0.00
B37,TEFLON,78.86,9.16,4.53,90.74,2.20,0.00
B37,TEFLON,86.21,7.45,4.97,88.00,2.20,0.00
B37,TEFLON,90.46,8.77,3.84,82.61,2.20,0.00
B37,TEFLON,78.09,9.83,4.92,82.61,2.20,0.00
B37,TEFLON,88.39,7.73,4.92,81.28,2.20,0.00
B37,TEFLON,80.93,5.62,4.92,79.96,2.20,0.00
B37,TEFLON,84.31,7.45,4.47,79.96,2.20,0.00
B37,TEFLON,81.96,5.62,5.62,74.75,2.20,0.00
B37,TEFLON,87.87,8.78,4.15,72.19,2.20,0.00
B37,TEFLON,89.78,5.77,5.11,72.19,2.20,0.00
B37,TEFLON,85.18,7.02,4.21,70.92,2.20,0.00
B37,TEFLON,82.93,9.16,4.05,65.91,2.20,0.00
B37,TEFLON,79.67,9.35,3.51,64.68,2.20,0.00
B37,TEFLON,85.78,6.95,3.48,63.46,2.20,0.00
B37,TEFLON,78.02,9.52,5.87,61.03,2.20,0.00
B37,TEFLON,83.53,5.97,4.40,56.28,2.20,0.00
B37,TEFLON,87.87,5.62,4.21,56.28,2.20,0.00
B37,TEFLON,89.12,5.62,4.21,52.80,2.20,0.00
B37,TEFLON,80.85,6.60,3.46,52.80,2.20,0.00
B37,TEFLON,87.86,8.00,5.87,51.65,2.20,0.00
B37,TEFLON,79.55,7.27,4.04,50.52,2.20,0.00
B37,TEFLON,84.74,5.62,4.21,48.27,2.20,0.00
B37,TEFLON,88.33,5.55,4.22,48.27,2.20,0.00
B37,TEFLON,87.43,5.62,4.21,47.16,2.20,0.00
B37,TEFLON,86.82,5.45,4.09,47.16,2.20,0.00
B37,TEFLON,84.01,4.21,4.21,46.06,2.20,0.00
B37,TEFLON,84.39,5.62,4.21,44.97,2.20,0.00
B37,TEFLON,81.90,5.62,4.92,44.97,2.20,0.00
B37,TEFLON,82.51,6.43,3.90,43.89,2.20,0.00
B37,TEFLON,85.03,5.20,4.21,43.89,2.20,0.00
B37,TEFLON,83.70,4.71,4.40,43.89,2.20,0.00
B37,TEFLON,86.75,5.62,3.58,42.81,2.20,0.00
B37,TEFLON,84.14,7.39,3.69,41.75,2.20,0.00
B37,TEFLON,80.23,4.21,4.21,40.69,2.20,0.00
B37,TEFLON,83.32,6.32,3.51,40.69,2.20,0.00
B37,TEFLON,76.97,4.89,4.44,40.69,2.20,0.00
B37,TEFLON,85.11,5.96,3.48,38.60,2.20,0.00
B37,TEFLON,77.55,4.21,3.51,37.57,2.20,0.00
B37,TEFLON,86.13,7.43,3.39,37.57,2.20,0.00
B37,TEFLON,82.43,6.91,3.46,36.55,2.20,0.00
B37,TEFLON,83.85,4.21,3.51,35.54,2.20,0.00
B37,TEFLON,82.06,6.28,3.14,34.54,2.20,0.00
B37,TEFLON,85.11,4.92,4.21,34.54,2.20,0.00
B37,TEFLON,78.00,6.32,4.21,34.54,2.20,0.00
B37,TEFLON,86.84,5.03,4.71,33.55,2.20,0.00
B37,TEFLON,77.68,7.29,3.23,33.55,2.20,0.00
B37,TEFLON,78.67,4.92,3.51,33.55,2.20,0.00
B37,TEFLON,84.24,4.44,4.00,33.55,2.20,0.00
B37,TEFLON,84.82,7.54,3.14,32.57,2.20,0.00
B37,TEFLON,80.14,4.21,3.51,32.57,2.20,0.00
B37,TEFLON,82.40,4.47,3.48,30.63,2.20,0.00
B37,TEFLON,83.49,5.62,3.51,29.68,2.20,0.00
B37,TEFLON,80.71,4.21,3.51,28.74,2.20,0.00
B37,TEFLON,84.99,4.21,3.51,28.74,2.20,0.00
B37,TEFLON,77.94,4.47,3.48,28.74,2.20,0.00
B37,TEFLON,77.96,6.32,2.81,28.74,2.20,0.00
B37,TEFLON,86.70,4.21,3.51,28.74,2.20,0.00
B37,TEFLON,85.18,5.48,3.23,27.81,2.20,0.00
B37,TEFLON,80.08,6.56,3.08,27.81,2.20,0.00
B37,TEFLON,84.28,4.21,4.21,27.81,2.20,0.00
B37,TEFLON,81.59,4.21,3.51,25.97,2.20,0.00
B37,TEFLON,77.37,3.97,3.48,25.97,2.20,0.00
B37,TEFLON,82.81,7.02,2.11,25.97,2.20,0.00
B37,TEFLON,89.12,3.97,3.48,25.97,2.20,0.00
B37,TEFLON,77.81,4.92,2.81,25.07,2.20,0.00
B37,TEFLON,79.28,3.51,3.51,25.07,2.20,0.00
B37,TEFLON,80.91,5.45,3.24,25.07,2.20,0.00
B37,TEFLON,77.93,6.26,2.48,25.07,2.20,0.00
B37,TEFLON,76.67,5.66,3.35,25.07,2.20,0.00
B37,TEFLON,80.29,4.21,3.51,25.07,2.20,0.00
B37,TEFLON,86.88,4.21,3.51,24.18,2.20,0.00
B37,TEFLON,80.52,4.21,2.81,24.18,2.20,0.00
B37,TEFLON,82.02,3.97,2.98,23.30,2.20,0.00
B37,TEFLON,85.46,4.21,2.81,22.44,2.20,0.00
B37,TEFLON,77.39,3.51,3.51,22.44,2.20,0.00
B37,TEFLON,78.73,3.90,3.51,22.44,2.20,0.00
B37,TEFLON,86.74,3.51,3.51,22.44,2.20,0.00
B37,TEFLON,75.42,4.97,2.98,21.58,2.20,0.00
B37,TEFLON,79.95,3.97,2.98,21.58,2.20,0.00
B37,TEFLON,87.06,7.02,4.21,21.58,2.20,0.00
B37,TEFLON,78.60,4.21,2.81,19.90,2.20,0.00
B37,TEFLON,83.43,4.92,2.81,19.90,2.20,0.00
B37,TEFLON,80.90,4.21,2.81,19.90,2.20,0.00
B37,TEFLON,76.62,3.51,2.81,19.90,2.20,0.00
B37,TEFLON,80.10,4.21,2.81,19.07,2.20,0.00
B37,TEFLON,82.36,4.22,2.89,19.07,2.20,0.00
B37,TEFLON,86.15,4.92,2.11,18.26,2.20,0.00
B37,TEFLON,81.94,3.51,3.51,18.26,2.20,0.00
B37,TEFLON,83.11,4.13,3.44,18.26,2.20,0.00
B37,TEFLON,83.83,3.51,2.81,18.26,2.20,0.00
B37,TEFLON,85.67,3.51,2.81,18.26,2.20,0.00
B37,TEFLON,77.24,4.89,2.44,17.46,2.20,0.00
B37,TEFLON,75.94,4.21,2.81,17.46,2.20,0.00
B37,TEFLON,77.73,5.65,2.76,17.46,2.20,0.00
B37,TEFLON,76.54,6.03,2.52,16.67,2.20,0.00
B37,TEFLON,83.82,4.97,2.98,15.90,2.20,0.00
B37,TEFLON,75.08,3.51,2.81,15.90,2.20,0.00
B37,TEFLON,82.86,5.65,3.46,15.90,2.20,0.00
B37,TEFLON,81.24,4.97,2.98,15.90,2.20,0.00
B37,TEFLON,80.58,3.51,2.81,15.90,2.20,0.00
B37,TEFLON,81.94,3.97,2.48,15.90,2.20,0.00
B37,TEFLON,83.70,3.51,2.81,15.14,2.20,0.00
B37,TEFLON,86.25,3.51,2.81,15.14,2.20,0.00
B37,TEFLON,87.38,3.51,3.51,15.14,2.20,0.00
B37,TEFLON,84.70,3.51,2.81,15.14,2.20,0.00
B37,TEFLON,86.64,3.51,2.81,15.14,2.20,0.00
B37,TEFLON,77.77,2.81,2.81,14.39,2.20,0.00
B37,TEFLON,81.11,3.51,2.81,14.39,2.20,0.00
B37,TEFLON,81.30,3.46,2.83,14.39,2.20,0.00
B37,TEFLON,75.92,2.81,2.81,13.65,2.20,0.00
B37,TEFLON,82.87,2.81,2.81,13.65,2.20,0.00
B37,TEFLON,81.67,3.48,2.48,13.65,2.20,0.00
B37,TEFLON,80.13,2.81,2.81,12.92,2.20,0.00
B37,TEFLON,85.93,3.46,2.83,12.92,2.20,0.00
B37,TEFLON,79.07,3.48,2.48,12.21,2.20,0.00
B37,TEFLON,84.69,2.81,2.81,12.21,2.20,0.00
B37,TEFLON,87.62,2.81,2.81,11.51,2.20,0.00
B37,TEFLON,88.92,6.58,1.73,10.83,2.20,0.00
B37,TEFLON,84.24,3.77,2.20,10.83,2.20,0.00
B37,TEFLON,83.83,2.81,2.81,10.83,2.20,0.00
B37,TEFLON,81.79,2.81,2.11,10.83,2.20,0.00
B37,TEFLON,84.43,3.48,2.48,10.83,2.20,0.00
B37,TEFLON,78.96,2.98,2.48,10.16,2.20,0.00
B37,TEFLON,86.31,3.97,2.98,10.16,2.20,0.00
B37,TEFLON,81.07,2.98,2.48,10.16,2.20,0.00
B37,TEFLON,81.76,2.81,2.81,10.16,2.20,0.00
B37,TEFLON,80.56,4.92,2.81,10.16,2.20,0.00
B37,TEFLON,80.67,3.48,2.48,10.16,2.20,0.00
B37,TEFLON,83.94,2.81,2.11,9.51,2.20,0.00
B37,TEFLON,79.86,5.45,3.12,9.51,2.20,0.00
B37,TEFLON,82.86,4.96,2.35,9.51,2.20,0.00
B37,TEFLON,87.38,3.11,2.44,9.51,2.20,0.00
B37,TEFLON,79.86,2.81,2.81,9.51,2.20,0.00
B37,TEFLON,89.49,3.97,1.99,9.51,2.20,0.00
B37,TEFLON,80.54,3.51,2.81,8.86,2.20,0.00
B37,TEFLON,79.30,2.81,2.11,8.86,2.20,0.00
B38,POLYETHYLENE GLYCOL 400,80.13,50.50,35.35,14931.08,0.91,0.01
B38,Polypropylene 8. White Bottle Cap,95.51,27.94,11.98,2506.96,0.90,0.00
B38,POLYVINYLFORMAL,75.30,47.44,26.69,7090.74,1.23,0.01
B39,Polyester 2. Yellow Fiber,76.20,12.24,7.14,232.84,1.38,0.00
B39,POLYPROPYLENE WITH 20% TALC,86.05,36.49,29.19,16075.47,0.90,0.01
B39,POLYSORBATE 80 STANDARD,79.10,25.04,8.03,619.67,1.06,0.00
B39,Polyvinyl Chloride 21. Green Slinky Toy,75.23,6.53,4.08,21.54,1.38,0.00
B40,"VISTALON 9500, COPOLYMER EPDM TYPE",83.73,7.27,3.55,54.80,1.19,0.00
B41,COLOR MASTERBATCH POLY[ETHYLENE-CO-(VINYL ACETATE)] + 45% YELLOW PIGMENT #3,79.82,29.91,15.09,2156.07,0.95,0.00
B41,COLOR MASTERBATCH POLY[ETHYLENE-CO-(VINYL ACETATE)] + 45% YELLOW PIGMENT #3,83.87,25.53,15.12,2124.28,0.95,0.00
B41,COLOR MASTERBATCH POLY[ETHYLENE-CO-(VINYL ACETATE)] + 45% YELLOW PIGMENT #3,78.70,21.96,12.73,2053.34,0.95,0.00
B41,COLOR MASTERBATCH POLY[ETHYLENE-CO-(VINYL ACETATE)] + 45% YELLOW PIGMENT #3,78.64,23.58,12.08,1944.61,0.95,0.00
B41,COLOR MASTERBATCH POLY[ETHYLENE-CO-(VINYL ACETATE)] + 45% YELLOW PIGMENT #3,77.94,16.66,15.00,1906.25,0.95,0.00
B41,COLOR MASTERBATCH POLY[ETHYLENE-CO-(VINYL ACETATE)] + 45% YELLOW PIGMENT #3,75.53,17.17,14.51,1822.77,0.95,0.00
B41,COLOR MASTERBATCH POLY[ETHYLENE-CO-(VINYL ACETATE)] + 45% YELLOW PIGMENT #3,75.81,24.42,11.80,1718.35,0.95,0.00
B41,COLOR MASTERBATCH POLY[ETHYLENE-CO-(VINYL ACETATE)] + 45% YELLOW PIGMENT #3,89.36,18.94,14.96,1674.23,0.95,0.00
B41,COLOR MASTERBATCH POLY[ETHYLENE-CO-(VINYL ACETATE)] + 45% YELLOW PIGMENT #3,76.55,20.45,14.08,1608.77,0.95,0.00
B41,COLOR MASTERBATCH POLY[ETHYLENE-CO-(VINYL ACETATE)] + 45% YELLOW PIGMENT #3,75.60,22.95,9.68,1594.34,0.95,0.00
B41,COLOR MASTERBATCH POLY[ETHYLENE-CO-(VINYL ACETATE)] + 45% YELLOW PIGMENT #3,75.56,20.94,12.00,1565.61,0.95,0.00
B41,COLOR MASTERBATCH POLY[ETHYLENE-CO-(VINYL ACETATE)] + 45% YELLOW PIGMENT #3,83.70,21.48,12.09,1424.62,0.95,0.00
B41,COLOR MASTERBATCH POLY[ETHYLENE-CO-(VINYL ACETATE)] + 45% YELLOW PIGMENT #3,83.29,17.62,12.69,1410.77,0.95,0.00
B41,COLOR MASTERBATCH POLY[ETHYLENE-CO-(VINYL ACETATE)] + 45% YELLOW PIGMENT #3,76.53,18.05,16.07,1383.19,0.95,0.00
B41,COLOR MASTERBATCH POLY[ETHYLENE-CO-(VINYL ACETATE)] + 45% YELLOW PIGMENT #3,90.23,15.39,13.77,1342.18,0.95,0.00
B41,COLOR MASTERBATCH POLY[ETHYLENE-CO-(VINYL ACETATE)] + 45% YELLOW PIGMENT #3,79.01,17.41,13.73,1130.52,0.95,0.00
B41,COLOR MASTERBATCH POLY[ETHYLENE-CO-(VINYL ACETATE)] + 45% YELLOW PIGMENT #3,86.23,20.13,11.88,1041.80,0.95,0.00
B41,COLOR MASTERBATCH POLY[ETHYLENE-CO-(VINYL ACETATE)] + 45% YELLOW PIGMENT #3,80.31,18.46,14.24,1029.32,0.95,0.00
B41,COLOR MASTERBATCH POLY[ETHYLENE-CO-(VINYL ACETATE)] + 45% YELLOW PIGMENT #3,85.71,14.96,10.97,1029.32,0.95,0.00
B41,COLOR MASTERBATCH POLY[ETHYLENE-CO-(VINYL ACETATE)] + 45% YELLOW PIGMENT #3,86.30,14.96,10.97,1016.89,0.95,0.00
B41,COLOR MASTERBATCH POLY[ETHYLENE-CO-(VINYL ACETATE)] + 45% YELLOW PIGMENT #3,85.68,13.96,12.96,1004.52,0.95,0.00
B41,COLOR MASTERBATCH POLY[ETHYLENE-CO-(VINYL ACETATE)] + 45% YELLOW PIGMENT #3,85.75,17.22,9.63,986.05,0.95,0.00
B41,COLOR MASTERBATCH POLY[ETHYLENE-CO-(VINYL ACETATE)] + 45% YELLOW PIGMENT #3,82.84,14.27,12.48,931.33,0.95,0.00
B41,COLOR MASTERBATCH POLY[ETHYLENE-CO-(VINYL ACETATE)] + 45% YELLOW PIGMENT #3,80.94,15.83,11.39,925.32,0.95,0.00
B41,COLOR MASTERBATCH POLY[ETHYLENE-CO-(VINYL ACETATE)] + 45% YELLOW PIGMENT #3,81.91,12.96,10.97,895.44,0.95,0.00
B41,COLOR MASTERBATCH POLY[ETHYLENE-CO-(VINYL ACETATE)] + 45% YELLOW PIGMENT #3,77.24,12.96,11.96,819.30,0.95,0.00
B41,COLOR MASTERBATCH POLY[ETHYLENE-CO-(VINYL ACETATE)] + 45% YELLOW PIGMENT #3,86.08,13.96,11.96,802.05,0.95,0.00
B41,COLOR MASTERBATCH POLY[ETHYLENE-CO-(VINYL ACETATE)] + 45% YELLOW PIGMENT #3,83.69,12.69,10.58,802.05,0.95,0.00
B41,COLOR MASTERBATCH POLY[ETHYLENE-CO-(VINYL ACETATE)] + 45% YELLOW PIGMENT #3,80.63,11.28,11.28,779.24,0.95,0.00
B41,COLOR MASTERBATCH POLY[ETHYLENE-CO-(VINYL ACETATE)] + 45% YELLOW PIGMENT #3,86.13,17.33,8.03,756.66,0.95,0.00
B41,COLOR MASTERBATCH POLY[ETHYLENE-CO-(VINYL ACETATE)] + 45% YELLOW PIGMENT #3,76.97,12.96,9.97,679.38,0.95,0.00
B41,COLOR MASTERBATCH POLY[ETHYLENE-CO-(VINYL ACETATE)] + 45% YELLOW PIGMENT #3,85.07,13.39,9.87,652.45,0.95,0.00
B41,COLOR MASTERBATCH POLY[ETHYLENE-CO-(VINYL ACETATE)] + 45% YELLOW PIGMENT #3,80.61,14.27,13.38,625.90,0.95,0.00
B41,COLOR MASTERBATCH POLY[ETHYLENE-CO-(VINYL ACETATE)] + 45% YELLOW PIGMENT #3,81.59,10.56,10.56,604.92,0.95,0.00
B41,COLOR MASTERBATCH POLY[ETHYLENE-CO-(VINYL ACETATE)] + 45% YELLOW PIGMENT #3,85.06,12.93,10.40,573.90,0.95,0.00
B41,COLOR MASTERBATCH POLY[ETHYLENE-CO-(VINYL ACETATE)] + 45% YELLOW PIGMENT #3,83.17,13.93,8.69,568.78,0.95,0.00
B41,COLOR MASTERBATCH POLY[ETHYLENE-CO-(VINYL ACETATE)] + 45% YELLOW PIGMENT #3,76.34,15.95,7.98,553.53,0.95,0.00
B41,COLOR MASTERBATCH POLY[ETHYLENE-CO-(VINYL ACETATE)] + 45% YELLOW PIGMENT #3,86.72,11.59,10.26,548.47,0.95,0.00
B41,COLOR MASTERBATCH POLY[ETHYLENE-CO-(VINYL ACETATE)] + 45% YELLOW PIGMENT #3,87.80,13.56,11.94,513.52,0.95,0.00
B41,COLOR MASTERBATCH POLY[ETHYLENE-CO-(VINYL ACETATE)] + 45% YELLOW PIGMENT #3,75.45,11.96,10.97,508.59,0.95,0.00
B41,COLOR MASTERBATCH POLY[ETHYLENE-CO-(VINYL ACETATE)] + 45% YELLOW PIGMENT #3,81.99,12.96,6.98,484.18,0.95,0.00
B41,COLOR MASTERBATCH POLY[ETHYLENE-CO-(VINYL ACETATE)] + 45% YELLOW PIGMENT #3,78.78,14.10,8.46,479.35,0.95,0.00
B41,COLOR MASTERBATCH POLY[ETHYLENE-CO-(VINYL ACETATE)] + 45% YELLOW PIGMENT #3,78.28,12.49,12.24,479.35,0.95,0.00
B41,COLOR MASTERBATCH POLY[ETHYLENE-CO-(VINYL ACETATE)] + 45% YELLOW PIGMENT #3,78.73,12.69,7.76,464.95,0.95,0.00
B41,COLOR MASTERBATCH POLY[ETHYLENE-CO-(VINYL ACETATE)] + 45% YELLOW PIGMENT #3,87.39,10.97,8.97,455.43,0.95,0.00
B41,COLOR MASTERBATCH POLY[ETHYLENE-CO-(VINYL ACETATE)] + 45% YELLOW PIGMENT #3,86.64,14.10,8.02,445.97,0.95,0.00
B41,COLOR MASTERBATCH POLY[ETHYLENE-CO-(VINYL ACETATE)] + 45% YELLOW PIGMENT #3,90.31,14.36,6.84,436.58,0.95,0.00
B41,COLOR MASTERBATCH POLY[ETHYLENE-CO-(VINYL ACETATE)] + 45% YELLOW PIGMENT #3,81.54,9.97,9.97,427.26,0.95,0.00
B41,COLOR MASTERBATCH POLY[ETHYLENE-CO-(VINYL ACETATE)] + 45% YELLOW PIGMENT #3,76.08,12.09,9.19,422.62,0.95,0.00
B41,COLOR MASTERBATCH POLY[ETHYLENE-CO-(VINYL ACETATE)] + 45% YELLOW PIGMENT #3,87.17,10.58,9.87,418.01,0.95,0.00
B41,COLOR MASTERBATCH POLY[ETHYLENE-CO-(VINYL ACETATE)] + 45% YELLOW PIGMENT #3,82.30,15.05,10.04,413.40,0.95,0.00
B41,COLOR MASTERBATCH POLY[ETHYLENE-CO-(VINYL ACETATE)] + 45% YELLOW PIGMENT #3,80.27,13.54,7.01,413.40,0.95,0.00
B41,COLOR MASTERBATCH POLY[ETHYLENE-CO-(VINYL ACETATE)] + 45% YELLOW PIGMENT #3,80.34,9.97,8.97,408.82,0.95,0.00
B41,COLOR MASTERBATCH POLY[ETHYLENE-CO-(VINYL ACETATE)] + 45% YELLOW PIGMENT #3,81.10,11.28,8.46,404.25,0.95,0.00
B41,COLOR MASTERBATCH POLY[ETHYLENE-CO-(VINYL ACETATE)] + 45% YELLOW PIGMENT #3,90.27,11.59,8.03,399.70,0.95,0.00
B41,COLOR MASTERBATCH POLY[ETHYLENE-CO-(VINYL ACETATE)] + 45% YELLOW PIGMENT #3,84.75,10.97,7.98,390.65,0.95,0.00
B41,COLOR MASTERBATCH POLY[ETHYLENE-CO-(VINYL ACETATE)] + 45% YELLOW PIGMENT #3,83.82,11.15,8.47,386.15,0.95,0.00
B41,COLOR MASTERBATCH POLY[ETHYLENE-CO-(VINYL ACETATE)] + 45% YELLOW PIGMENT #3,82.56,8.97,8.97,359.53,0.95,0.00
B41,COLOR MASTERBATCH POLY[ETHYLENE-CO-(VINYL ACETATE)] + 45% YELLOW PIGMENT #3,78.21,8.97,8.97,359.53,0.95,0.00
B41,COLOR MASTERBATCH POLY[ETHYLENE-CO-(VINYL ACETATE)] + 45% YELLOW PIGMENT #3,83.33,16.32,8.91,355.15,0.95,0.00
B41,COLOR MASTERBATCH POLY[ETHYLENE-CO-(VINYL ACETATE)] + 45% YELLOW PIGMENT #3,80.80,18.33,8.74,355.15,0.95,0.00
B41,COLOR MASTERBATCH POLY[ETHYLENE-CO-(VINYL ACETATE)] + 45% YELLOW PIGMENT #3,76.81,16.58,8.18,346.45,0.95,0.00
B41,COLOR MASTERBATCH POLY[ETHYLENE-CO-(VINYL ACETATE)] + 45% YELLOW PIGMENT #3,85.45,11.59,7.13,333.54,0.95,0.00
B41,COLOR MASTERBATCH POLY[ETHYLENE-CO-(VINYL ACETATE)] + 45% YELLOW PIGMENT #3,81.19,8.97,7.98,320.80,0.95,0.00
B41,COLOR MASTERBATCH POLY[ETHYLENE-CO-(VINYL ACETATE)] + 45% YELLOW PIGMENT #3,88.18,10.97,6.98,304.06,0.95,0.00
B41,COLOR MASTERBATCH POLY[ETHYLENE-CO-(VINYL ACETATE)] + 45% YELLOW PIGMENT #3,88.47,8.46,8.46,279.53,0.95,0.00
B41,COLOR MASTERBATCH POLY[ETHYLENE-CO-(VINYL ACETATE)] + 45% YELLOW PIGMENT #3,79.65,14.61,6.40,279.53,0.95,0.00
B41,COLOR MASTERBATCH POLY[ETHYLENE-CO-(VINYL ACETATE)] + 45% YELLOW PIGMENT #3,76.52,10.09,7.25,275.50,0.95,0.00
B41,COLOR MASTERBATCH POLY[ETHYLENE-CO-(VINYL ACETATE)] + 45% YELLOW PIGMENT #3,77.65,11.04,6.62,271.50,0.95,0.00
B41,COLOR MASTERBATCH POLY[ETHYLENE-CO-(VINYL ACETATE)] + 45% YELLOW PIGMENT #3,87.20,11.66,7.41,271.50,0.95,0.00
B41,COLOR MASTERBATCH POLY[ETHYLENE-CO-(VINYL ACETATE)] + 45% YELLOW PIGMENT #3,80.45,12.86,6.93,255.69,0.95,0.00
B41,COLOR MASTERBATCH POLY[ETHYLENE-CO-(VINYL ACETATE)] + 45% YELLOW PIGMENT #3,83.83,12.96,6.98,244.04,0.95,0.00
B41,COLOR MASTERBATCH POLY[ETHYLENE-CO-(VINYL ACETATE)] + 45% YELLOW PIGMENT #3,83.39,12.93,5.35,240.20,0.95,0.00
B41,COLOR MASTERBATCH POLY[ETHYLENE-CO-(VINYL ACETATE)] + 45% YELLOW PIGMENT #3,76.65,9.17,7.76,236.37,0.95,0.00
B41,COLOR MASTERBATCH POLY[ETHYLENE-CO-(VINYL ACETATE)] + 45% YELLOW PIGMENT #3,79.72,9.87,7.76,232.57,0.95,0.00
B41,COLOR MASTERBATCH POLY[ETHYLENE-CO-(VINYL ACETATE)] + 45% YELLOW PIGMENT #3,79.82,7.98,6.98,228.79,0.95,0.00
B41,COLOR MASTERBATCH POLY[ETHYLENE-CO-(VINYL ACETATE)] + 45% YELLOW PIGMENT #3,85.69,9.81,6.69,228.79,0.95,0.00
B41,COLOR MASTERBATCH POLY[ETHYLENE-CO-(VINYL ACETATE)] + 45% YELLOW PIGMENT #3,85.05,8.46,7.05,225.03,0.95,0.00
B41,COLOR MASTERBATCH POLY[ETHYLENE-CO-(VINYL ACETATE)] + 45% YELLOW PIGMENT #3,75.00,8.47,7.58,221.29,0.95,0.00
B41,COLOR MASTERBATCH POLY[ETHYLENE-CO-(VINYL ACETATE)] + 45% YELLOW PIGMENT #3,80.16,9.36,6.69,213.87,0.95,0.00
B41,COLOR MASTERBATCH POLY[ETHYLENE-CO-(VINYL ACETATE)] + 45% YELLOW PIGMENT #3,80.10,10.58,5.64,213.87,0.95,0.00
B41,COLOR MASTERBATCH POLY[ETHYLENE-CO-(VINYL ACETATE)] + 45% YELLOW PIGMENT #3,79.12,11.85,5.56,210.19,0.95,0.00
B41,COLOR MASTERBATCH POLY[ETHYLENE-CO-(VINYL ACETATE)] + 45% YELLOW PIGMENT #3,81.14,7.98,6.98,202.91,0.95,0.00
B41,COLOR MASTERBATCH POLY[ETHYLENE-CO-(VINYL ACETATE)] + 45% YELLOW PIGMENT #3,80.35,10.97,4.99,199.29,0.95,0.00
B41,COLOR MASTERBATCH POLY[ETHYLENE-CO-(VINYL ACETATE)] + 45% YELLOW PIGMENT #3,78.93,8.47,7.13,199.29,0.95,0.00
B41,COLOR MASTERBATCH POLY[ETHYLENE-CO-(VINYL ACETATE)] + 45% YELLOW PIGMENT #3,90.32,6.98,6.98,195.70,0.95,0.00
B41,COLOR MASTERBATCH POLY[ETHYLENE-CO-(VINYL ACETATE)] + 45% YELLOW PIGMENT #3,80.34,12.52,5.56,192.13,0.95,0.00
B41,COLOR MASTERBATCH POLY[ETHYLENE-CO-(VINYL ACETATE)] + 45% YELLOW PIGMENT #3,79.72,7.76,7.05,185.06,0.95,0.00
B41,COLOR MASTERBATCH POLY[ETHYLENE-CO-(VINYL ACETATE)] + 45% YELLOW PIGMENT #3,76.90,7.98,6.98,181.56,0.95,0.00
B41,COLOR MASTERBATCH POLY[ETHYLENE-CO-(VINYL ACETATE)] + 45% YELLOW PIGMENT #3,88.41,10.82,7.21,181.56,0.95,0.00
B41,COLOR MASTERBATCH POLY[ETHYLENE-CO-(VINYL ACETATE)] + 45% YELLOW PIGMENT #3,80.46,6.98,6.98,174.62,0.95,0.00
B41,COLOR MASTERBATCH POLY[ETHYLENE-CO-(VINYL ACETATE)] + 45% YELLOW PIGMENT #3,80.61,7.76,6.35,174.62,0.95,0.00
B41,COLOR MASTERBATCH POLY[ETHYLENE-CO-(VINYL ACETATE)] + 45% YELLOW PIGMENT #3,76.10,12.82,7.01,171.19,0.95,0.00
B41,COLOR MASTERBATCH POLY[ETHYLENE-CO-(VINYL ACETATE)] + 45% YELLOW PIGMENT #3,78.85,8.97,5.98,171.19,0.95,0.00
B41,COLOR MASTERBATCH POLY[ETHYLENE-CO-(VINYL ACETATE)] + 45% YELLOW PIGMENT #3,79.21,7.13,6.69,167.77,0.95,0.00
B41,COLOR MASTERBATCH POLY[ETHYLENE-CO-(VINYL ACETATE)] + 45% YELLOW PIGMENT #3,85.01,10.97,6.98,164.38,0.95,0.00
B41,COLOR MASTERBATCH POLY[ETHYLENE-CO-(VINYL ACETATE)] + 45% YELLOW PIGMENT #3,82.16,9.87,7.05,161.02,0.95,0.00
B41,COLOR MASTERBATCH POLY[ETHYLENE-CO-(VINYL ACETATE)] + 45% YELLOW PIGMENT #3,75.50,9.46,6.31,157.67,0.95,0.00
B41,COLOR MASTERBATCH POLY[ETHYLENE-CO-(VINYL ACETATE)] + 45% YELLOW PIGMENT #3,90.64,7.05,6.35,157.67,0.95,0.00
B41,COLOR MASTERBATCH POLY[ETHYLENE-CO-(VINYL ACETATE)] + 45% YELLOW PIGMENT #3,80.46,7.58,6.69,154.36,0.95,0.00
B41,COLOR MASTERBATCH POLY[ETHYLENE-CO-(VINYL ACETATE)] + 45% YELLOW PIGMENT #3,87.78,11.59,5.35,154.36,0.95,0.00
B41,COLOR MASTERBATCH POLY[ETHYLENE-CO-(VINYL ACETATE)] + 45% YELLOW PIGMENT #3,88.68,9.14,5.68,147.79,0.95,0.00
B41,COLOR MASTERBATCH POLY[ETHYLENE-CO-(VINYL ACETATE)] + 45% YELLOW PIGMENT #3,84.09,6.98,6.98,147.79,0.95,0.00
B41,COLOR MASTERBATCH POLY[ETHYLENE-CO-(VINYL ACETATE)] + 45% YELLOW PIGMENT #3,76.14,12.33,4.79,144.54,0.95,0.00
B41,COLOR MASTERBATCH POLY[ETHYLENE-CO-(VINYL ACETATE)] + 45% YELLOW PIGMENT #3,81.85,6.98,5.98,144.54,0.95,0.00
B41,COLOR MASTERBATCH POLY[ETHYLENE-CO-(VINYL ACETATE)] + 45% YELLOW PIGMENT #3,91.62,6.98,5.98,141.32,0.95,0.00
B41,COLOR MASTERBATCH POLY[ETHYLENE-CO-(VINYL ACETATE)] + 45% YELLOW PIGMENT #3,84.48,12.82,5.13,138.12,0.95,0.00
B41,COLOR MASTERBATCH POLY[ETHYLENE-CO-(VINYL ACETATE)] + 45% YELLOW PIGMENT #3,75.18,6.98,5.98,138.12,0.95,0.00
B41,COLOR MASTERBATCH POLY[ETHYLENE-CO-(VINYL ACETATE)] + 45% YELLOW PIGMENT #3,82.03,8.30,6.36,134.94,0.95,0.00
B41,COLOR MASTERBATCH POLY[ETHYLENE-CO-(VINYL ACETATE)] + 45% YELLOW PIGMENT #3,77.66,7.58,5.38,131.79,0.95,0.00
B41,COLOR MASTERBATCH POLY[ETHYLENE-CO-(VINYL ACETATE)] + 45% YELLOW PIGMENT #3,78.82,7.58,7.13,128.67,0.95,0.00
B41,COLOR MASTERBATCH POLY[ETHYLENE-CO-(VINYL ACETATE)] + 45% YELLOW PIGMENT #3,77.65,5.98,5.98,125.57,0.95,0.00
B41,COLOR MASTERBATCH POLY[ETHYLENE-CO-(VINYL ACETATE)] + 45% YELLOW PIGMENT #3,75.79,11.98,4.23,113.42,0.95,0.00
B41,COLOR MASTERBATCH POLY[ETHYLENE-CO-(VINYL ACETATE)] + 45% YELLOW PIGMENT #3,78.38,6.98,4.99,113.42,0.95,0.00
B41,COLOR MASTERBATCH POLY[ETHYLENE-CO-(VINYL ACETATE)] + 45% YELLOW PIGMENT #3,78.67,8.97,4.99,107.50,0.95,0.00
B41,COLOR MASTERBATCH POLY[ETHYLENE-CO-(VINYL ACETATE)] + 45% YELLOW PIGMENT #3,85.02,7.74,5.32,104.58,0.95,0.00
B41,COLOR MASTERBATCH POLY[ETHYLENE-CO-(VINYL ACETATE)] + 45% YELLOW PIGMENT #3,76.15,5.98,5.98,104.58,0.95,0.00
B41,COLOR MASTERBATCH POLY[ETHYLENE-CO-(VINYL ACETATE)] + 45% YELLOW PIGMENT #3,84.58,9.06,4.62,104.58,0.95,0.00
B41,COLOR MASTERBATCH POLY[ETHYLENE-CO-(VINYL ACETATE)] + 45% YELLOW PIGMENT #3,80.79,6.48,5.92,101.69,0.95,0.00
B41,COLOR MASTERBATCH POLY[ETHYLENE-CO-(VINYL ACETATE)] + 45% YELLOW PIGMENT #3,81.98,6.98,6.98,101.69,0.95,0.00
B41,COLOR MASTERBATCH POLY[ETHYLENE-CO-(VINYL ACETATE)] + 45% YELLOW PIGMENT #3,90.70,7.98,6.98,98.83,0.95,0.00
B41,COLOR MASTERBATCH POLY[ETHYLENE-CO-(VINYL ACETATE)] + 45% YELLOW PIGMENT #3,80.37,7.05,4.94,95.99,0.95,0.00
B41,COLOR MASTERBATCH POLY[ETHYLENE-CO-(VINYL ACETATE)] + 45% YELLOW PIGMENT #3,87.47,6.35,5.64,95.99,0.95,0.00
B41,COLOR MASTERBATCH POLY[ETHYLENE-CO-(VINYL ACETATE)] + 45% YELLOW PIGMENT #3,90.01,9.97,4.99,95.99,0.95,0.00
B41,COLOR MASTERBATCH POLY[ETHYLENE-CO-(VINYL ACETATE)] + 45% YELLOW PIGMENT #3,78.30,7.19,5.53,95.99,0.95,0.00
B41,COLOR MASTERBATCH POLY[ETHYLENE-CO-(VINYL ACETATE)] + 45% YELLOW PIGMENT #3,76.94,8.92,5.35,95.99,0.95,0.00
B41,COLOR MASTERBATCH POLY[ETHYLENE-CO-(VINYL ACETATE)] + 45% YELLOW PIGMENT #3,87.56,7.98,3.99,90.40,0.95,0.00
B41,COLOR MASTERBATCH POLY[ETHYLENE-CO-(VINYL ACETATE)] + 45% YELLOW PIGMENT #3,85.94,9.13,5.25,90.40,0.95,0.00
B41,COLOR MASTERBATCH POLY[ETHYLENE-CO-(VINYL ACETATE)] + 45% YELLOW PIGMENT #3,89.41,5.98,5.98,87.65,0.95,0.00
B41,COLOR MASTERBATCH POLY[ETHYLENE-CO-(VINYL ACETATE)] + 45% YELLOW PIGMENT #3,83.74,6.98,3.99,87.65,0.95,0.00
B41,COLOR MASTERBATCH POLY[ETHYLENE-CO-(VINYL ACETATE)] + 45% YELLOW PIGMENT #3,82.86,6.24,5.35,84.92,0.95,0.00
B41,COLOR MASTERBATCH POLY[ETHYLENE-CO-(VINYL ACETATE)] + 45% YELLOW PIGMENT #3,80.05,6.98,4.99,84.92,0.95,0.00
B41,COLOR MASTERBATCH POLY[ETHYLENE-CO-(VINYL ACETATE)] + 45% YELLOW PIGMENT #3,86.51,10.94,4.96,82.23,0.95,0.00
B41,COLOR MASTERBATCH POLY[ETHYLENE-CO-(VINYL ACETATE)] + 45% YELLOW PIGMENT #3,77.93,8.92,4.01,79.56,0.95,0.00
B41,COLOR MASTERBATCH POLY[ETHYLENE-CO-(VINYL ACETATE)] + 45% YELLOW PIGMENT #3,85.06,6.69,4.46,79.56,0.95,0.00
B41,COLOR MASTERBATCH POLY[ETHYLENE-CO-(VINYL ACETATE)] + 45% YELLOW PIGMENT #3,83.53,6.35,5.64,79.56,0.95,0.00
B41,COLOR MASTERBATCH POLY[ETHYLENE-CO-(VINYL ACETATE)] + 45% YELLOW PIGMENT #3,76.24,5.98,4.99,79.56,0.95,0.00
B41,COLOR MASTERBATCH POLY[ETHYLENE-CO-(VINYL ACETATE)] + 45% YELLOW PIGMENT #3,76.86,8.02,5.48,76.92,0.95,0.00
B41,COLOR MASTERBATCH POLY[ETHYLENE-CO-(VINYL ACETATE)] + 45% YELLOW PIGMENT #3,86.17,7.98,3.99,74.32,0.95,0.00
B41,COLOR MASTERBATCH POLY[ETHYLENE-CO-(VINYL ACETATE)] + 45% YELLOW PIGMENT #3,77.75,5.98,4.99,74.32,0.95,0.00
B41,COLOR MASTERBATCH POLY[ETHYLENE-CO-(VINYL ACETATE)] + 45% YELLOW PIGMENT #3,75.84,6.98,3.99,71.74,0.95,0.00
B41,COLOR MASTERBATCH POLY[ETHYLENE-CO-(VINYL ACETATE)] + 45% YELLOW PIGMENT #3,79.87,8.03,4.90,71.74,0.95,0.00
B41,COLOR MASTERBATCH POLY[ETHYLENE-CO-(VINYL ACETATE)] + 45% YELLOW PIGMENT #3,85.05,10.58,4.23,66.68,0.95,0.00
B41,COLOR MASTERBATCH POLY[ETHYLENE-CO-(VINYL ACETATE)] + 45% YELLOW PIGMENT #3,81.13,7.05,5.64,64.19,0.95,0.00
B41,COLOR MASTERBATCH POLY[ETHYLENE-CO-(VINYL ACETATE)] + 45% YELLOW PIGMENT #3,83.62,6.69,5.35,64.19,0.95,0.00
B41,COLOR MASTERBATCH POLY[ETHYLENE-CO-(VINYL ACETATE)] + 45% YELLOW PIGMENT #3,85.54,7.98,4.99,61.74,0.95,0.00
B41,COLOR MASTERBATCH POLY[ETHYLENE-CO-(VINYL ACETATE)] + 45% YELLOW PIGMENT #3,83.80,8.52,3.93,61.74,0.95,0.00
B41,COLOR MASTERBATCH POLY[ETHYLENE-CO-(VINYL ACETATE)] + 45% YELLOW PIGMENT #3,77.04,4.99,4.99,56.93,0.95,0.00
B41,COLOR MASTERBATCH POLY[ETHYLENE-CO-(VINYL ACETATE)] + 45% YELLOW PIGMENT #3,86.78,5.98,3.99,56.93,0.95,0.00
B41,COLOR MASTERBATCH POLY[ETHYLENE-CO-(VINYL ACETATE)] + 45% YELLOW PIGMENT #3,87.06,9.17,4.23,56.93,0.95,0.00
B41,COLOR MASTERBATCH POLY[ETHYLENE-CO-(VINYL ACETATE)] + 45% YELLOW PIGMENT #3,84.41,5.80,4.46,54.57,0.95,0.00
B41,COLOR MASTERBATCH POLY[ETHYLENE-CO-(VINYL ACETATE)] + 45% YELLOW PIGMENT #3,83.95,4.98,4.70,52.25,0.95,0.00
B41,COLOR MASTERBATCH POLY[ETHYLENE-CO-(VINYL ACETATE)] + 45% YELLOW PIGMENT #3,79.28,6.98,3.99,52.25,0.95,0.00
B41,COLOR MASTERBATCH POLY[ETHYLENE-CO-(VINYL ACETATE)] + 45% YELLOW PIGMENT #3,76.95,7.98,5.98,49.96,0.95,0.00
B41,COLOR MASTERBATCH POLY[ETHYLENE-CO-(VINYL ACETATE)] + 45% YELLOW PIGMENT #3,78.50,5.98,3.99,45.49,0.95,0.00
B41,COLOR MASTERBATCH POLY[ETHYLENE-CO-(VINYL ACETATE)] + 45% YELLOW PIGMENT #3,88.57,7.01,3.87,45.49,0.95,0.00
B41,COLOR MASTERBATCH POLY[ETHYLENE-CO-(VINYL ACETATE)] + 45% YELLOW PIGMENT #3,79.87,5.80,5.80,45.49,0.95,0.00
B41,COLOR MASTERBATCH POLY[ETHYLENE-CO-(VINYL ACETATE)] + 45% YELLOW PIGMENT #3,83.73,5.64,4.23,45.49,0.95,0.00
B41,COLOR MASTERBATCH POLY[ETHYLENE-CO-(VINYL ACETATE)] + 45% YELLOW PIGMENT #3,88.82,4.94,4.23,45.49,0.95,0.00
B41,COLOR MASTERBATCH POLY[ETHYLENE-CO-(VINYL ACETATE)] + 45% YELLOW PIGMENT #3,84.06,7.47,4.42,43.31,0.95,0.00
B41,COLOR MASTERBATCH POLY[ETHYLENE-CO-(VINYL ACETATE)] + 45% YELLOW PIGMENT #3,78.81,6.35,4.23,43.31,0.95,0.00
B41,COLOR MASTERBATCH POLY[ETHYLENE-CO-(VINYL ACETATE)] + 45% YELLOW PIGMENT #3,84.43,4.99,3.99,41.16,0.95,0.00
B41,COLOR MASTERBATCH POLY[ETHYLENE-CO-(VINYL ACETATE)] + 45% YELLOW PIGMENT #3,84.01,4.99,3.99,41.16,0.95,0.00
B41,COLOR MASTERBATCH POLY[ETHYLENE-CO-(VINYL ACETATE)] + 45% YELLOW PIGMENT #3,91.06,4.99,4.99,41.16,0.95,0.00
B41,COLOR MASTERBATCH POLY[ETHYLENE-CO-(VINYL ACETATE)] + 45% YELLOW PIGMENT #3,82.29,6.18,4.59,39.05,0.95,0.00
B41,COLOR MASTERBATCH POLY[ETHYLENE-CO-(VINYL ACETATE)] + 45% YELLOW PIGMENT #3,86.31,8.03,4.46,39.05,0.95,0.00
B41,COLOR MASTERBATCH POLY[ETHYLENE-CO-(VINYL ACETATE)] + 45% YELLOW PIGMENT #3,75.95,5.98,2.99,34.94,0.95,0.00
B41,COLOR MASTERBATCH POLY[ETHYLENE-CO-(VINYL ACETATE)] + 45% YELLOW PIGMENT #3,75.92,7.25,3.39,34.94,0.95,0.00
B41,COLOR MASTERBATCH POLY[ETHYLENE-CO-(VINYL ACETATE)] + 45% YELLOW PIGMENT #3,78.95,6.38,3.39,30.99,0.95,0.00
B41,COLOR MASTERBATCH POLY[ETHYLENE-CO-(VINYL ACETATE)] + 45% YELLOW PIGMENT #3,79.62,4.90,4.01,30.99,0.95,0.00
B41,COLOR MASTERBATCH POLY[ETHYLENE-CO-(VINYL ACETATE)] + 45% YELLOW PIGMENT #3,79.96,3.99,2.99,29.07,0.95,0.00
B41,COLOR MASTERBATCH POLY[ETHYLENE-CO-(VINYL ACETATE)] + 45% YELLOW PIGMENT #3,83.34,4.23,3.53,29.07,0.95,0.00
B41,COLOR MASTERBATCH POLY[ETHYLENE-CO-(VINYL ACETATE)] + 45% YELLOW PIGMENT #3,88.90,3.99,2.99,25.36,0.95,0.00
B41,COLOR MASTERBATCH POLY[ETHYLENE-CO-(VINYL ACETATE)] + 45% YELLOW PIGMENT #3,77.33,4.23,3.53,25.36,0.95,0.00
B41,COLOR MASTERBATCH POLY[ETHYLENE-CO-(VINYL ACETATE)] + 45% YELLOW PIGMENT #3,76.64,4.99,3.99,25.36,0.95,0.00
B41,COLOR MASTERBATCH POLY[ETHYLENE-CO-(VINYL ACETATE)] + 45% YELLOW PIGMENT #3,84.73,3.99,3.99,25.36,0.95,0.00
B41,COLOR MASTERBATCH POLY[ETHYLENE-CO-(VINYL ACETATE)] + 45% YELLOW PIGMENT #3,87.99,4.99,3.99,25.36,0.95,0.00
B41,COLOR MASTERBATCH POLY[ETHYLENE-CO-(VINYL ACETATE)] + 45% YELLOW PIGMENT #3,83.04,4.99,2.99,25.36,0.95,0.00
B41,COLOR MASTERBATCH POLY[ETHYLENE-CO-(VINYL ACETATE)] + 45% YELLOW PIGMENT #3,84.67,7.18,3.79,23.57,0.95,0.00
B41,COLOR MASTERBATCH POLY[ETHYLENE-CO-(VINYL ACETATE)] + 45% YELLOW PIGMENT #3,77.91,3.99,3.99,23.57,0.95,0.00
B41,COLOR MASTERBATCH POLY[ETHYLENE-CO-(VINYL ACETATE)] + 45% YELLOW PIGMENT #3,78.00,7.05,5.64,23.57,0.95,0.00
B41,COLOR MASTERBATCH POLY[ETHYLENE-CO-(VINYL ACETATE)] + 45% YELLOW PIGMENT #3,77.38,3.99,2.99,23.57,0.95,0.00
B41,COLOR MASTERBATCH POLY[ETHYLENE-CO-(VINYL ACETATE)] + 45% YELLOW PIGMENT #3,89.18,5.08,2.90,23.57,0.95,0.00
B41,COLOR MASTERBATCH POLY[ETHYLENE-CO-(VINYL ACETATE)] + 45% YELLOW PIGMENT #3,90.66,3.99,2.99,21.83,0.95,0.00
B41,COLOR MASTERBATCH POLY[ETHYLENE-CO-(VINYL ACETATE)] + 45% YELLOW PIGMENT #3,79.97,3.99,2.99,21.83,0.95,0.00
B41,COLOR MASTERBATCH POLY[ETHYLENE-CO-(VINYL ACETATE)] + 45% YELLOW PIGMENT #3,78.15,4.99,3.99,20.13,0.95,0.00
B41,COLOR MASTERBATCH POLY[ETHYLENE-CO-(VINYL ACETATE)] + 45% YELLOW PIGMENT #3,84.59,3.53,2.82,18.47,0.95,0.00
B41,COLOR MASTERBATCH POLY[ETHYLENE-CO-(VINYL ACETATE)] + 45% YELLOW PIGMENT #3,76.00,5.81,4.42,18.47,0.95,0.00
B41,COLOR MASTERBATCH POLY[ETHYLENE-CO-(VINYL ACETATE)] + 45% YELLOW PIGMENT #3,78.77,7.88,3.15,18.47,0.95,0.00
B41,COLOR MASTERBATCH POLY[ETHYLENE-CO-(VINYL ACETATE)] + 45% YELLOW PIGMENT #3,91.36,3.99,2.99,16.87,0.95,0.00
B41,COLOR MASTERBATCH POLY[ETHYLENE-CO-(VINYL ACETATE)] + 45% YELLOW PIGMENT #3,76.57,4.99,2.99,16.87,0.95,0.00
B41,COLOR MASTERBATCH POLY[ETHYLENE-CO-(VINYL ACETATE)] + 45% YELLOW PIGMENT #3,85.53,4.99,2.99,16.87,0.95,0.00
B41,COLOR MASTERBATCH POLY[ETHYLENE-CO-(VINYL ACETATE)] + 45% YELLOW PIGMENT #3,84.29,7.74,2.90,16.87,0.95,0.00
B41,COLOR MASTERBATCH POLY[ETHYLENE-CO-(VINYL ACETATE)] + 45% YELLOW PIGMENT #3,85.40,7.22,2.78,16.87,0.95,0.00
B41,COLOR MASTERBATCH POLY[ETHYLENE-CO-(VINYL ACETATE)] + 45% YELLOW PIGMENT #3,81.51,3.99,2.99,15.31,0.95,0.00
B41,COLOR MASTERBATCH POLY[ETHYLENE-CO-(VINYL ACETATE)] + 45% YELLOW PIGMENT #3,88.02,5.56,2.42,15.31,0.95,0.00
B41,COLOR MASTERBATCH POLY[ETHYLENE-CO-(VINYL ACETATE)] + 45% YELLOW PIGMENT #3,77.38,4.99,2.99,13.81,0.95,0.00
B41,COLOR MASTERBATCH POLY[ETHYLENE-CO-(VINYL ACETATE)] + 45% YELLOW PIGMENT #3,83.84,4.99,3.99,13.81,0.95,0.00
B41,COLOR MASTERBATCH POLY[ETHYLENE-CO-(VINYL ACETATE)] + 45% YELLOW PIGMENT #3,75.56,4.73,3.15,13.81,0.95,0.00
B41,COLOR MASTERBATCH POLY[ETHYLENE-CO-(VINYL ACETATE)] + 45% YELLOW PIGMENT #3,77.99,3.53,2.82,12.35,0.95,0.00
B41,COLOR MASTERBATCH POLY[ETHYLENE-CO-(VINYL ACETATE)] + 45% YELLOW PIGMENT #3,82.20,3.78,3.47,12.35,0.95,0.00
B41,COLOR MASTERBATCH POLY[ETHYLENE-CO-(VINYL ACETATE)] + 45% YELLOW PIGMENT #3,87.58,7.25,4.10,12.35,0.95,0.00
B41,COLOR MASTERBATCH POLY[ETHYLENE-CO-(VINYL ACETATE)] + 45% YELLOW PIGMENT #3,82.76,2.99,2.99,12.35,0.95,0.00
B41,COLOR MASTERBATCH POLY[ETHYLENE-CO-(VINYL ACETATE)] + 45% YELLOW PIGMENT #3,87.07,2.99,2.99,12.35,0.95,0.00
B41,COLOR MASTERBATCH POLY[ETHYLENE-CO-(VINYL ACETATE)] + 45% YELLOW PIGMENT #3,86.88,3.53,2.82,10.96,0.95,0.00
B41,COLOR MASTERBATCH POLY[ETHYLENE-CO-(VINYL ACETATE)] + 45% YELLOW PIGMENT #3,86.73,4.23,2.82,10.96,0.95,0.00
B41,COLOR MASTERBATCH POLY[ETHYLENE-CO-(VINYL ACETATE)] + 45% YELLOW PIGMENT #3,75.76,6.35,2.82,9.62,0.95,0.00
B41,COLOR MASTERBATCH POLY[ETHYLENE-CO-(VINYL ACETATE)] + 45% YELLOW PIGMENT #3,79.72,2.99,2.99,9.62,0.95,0.00
B41,COLOR MASTERBATCH POLY[ETHYLENE-CO-(VINYL ACETATE)] + 45% YELLOW PIGMENT #3,76.97,5.35,2.68,9.62,0.95,0.00
B41,COLOR MASTERBATCH POLY[ETHYLENE-CO-(VINYL ACETATE)] + 45% YELLOW PIGMENT #3,86.63,6.11,4.63,9.62,0.95,0.00
B41,COLOR MASTERBATCH POLY[ETHYLENE-CO-(VINYL ACETATE)] + 45% YELLOW PIGMENT #4,75.96,40.31,15.26,4287.22,0.95,0.00
B41,COLOR MASTERBATCH POLY[ETHYLENE-CO-(VINYL ACETATE)] + 45% YELLOW PIGMENT #4,90.05,13.96,11.96,1016.89,0.95,0.00
B41,COLOR MASTERBATCH POLY[ETHYLENE-CO-(VINYL ACETATE)] + 45% YELLOW PIGMENT #4,85.06,20.94,8.97,992.19,0.95,0.00
B41,COLOR MASTERBATCH POLY[ETHYLENE-CO-(VINYL ACETATE)] + 45% YELLOW PIGMENT #4,77.10,12.69,9.17,673.96,0.95,0.00
B41,COLOR MASTERBATCH POLY[ETHYLENE-CO-(VINYL ACETATE)] + 45% YELLOW PIGMENT #4,92.27,18.63,6.85,599.71,0.95,0.00
B41,COLOR MASTERBATCH POLY[ETHYLENE-CO-(VINYL ACETATE)] + 45% YELLOW PIGMENT #4,81.19,10.97,9.97,584.18,0.95,0.00
B41,COLOR MASTERBATCH POLY[ETHYLENE-CO-(VINYL ACETATE)] + 45% YELLOW PIGMENT #4,88.66,14.38,6.49,363.92,0.95,0.00
B41,COLOR MASTERBATCH POLY[ETHYLENE-CO-(VINYL ACETATE)] + 45% YELLOW PIGMENT #4,78.73,19.70,7.65,329.28,0.95,0.00
B41,COLOR MASTERBATCH POLY[ETHYLENE-CO-(VINYL ACETATE)] + 45% YELLOW PIGMENT #4,81.71,10.00,9.44,320.80,0.95,0.00
B41,COLOR MASTERBATCH POLY[ETHYLENE-CO-(VINYL ACETATE)] + 45% YELLOW PIGMENT #4,92.79,8.97,5.98,157.67,0.95,0.00
B41,COLOR MASTERBATCH POLY[ETHYLENE-CO-(VINYL ACETATE)] + 45% YELLOW PIGMENT #4,87.58,7.88,5.36,134.94,0.95,0.00
B41,COLOR MASTERBATCH POLY[ETHYLENE-CO-(VINYL ACETATE)] + 45% YELLOW PIGMENT #4,93.35,12.11,5.30,61.74,0.95,0.00
B41,COLOR MASTERBATCH POLY[ETHYLENE-CO-(VINYL ACETATE)] + 45% YELLOW PIGMENT #4,92.01,4.99,4.99,56.93,0.95,0.00
B41,COLOR MASTERBATCH POLY[ETHYLENE-CO-(VINYL ACETATE)] + 45% YELLOW PIGMENT #4,90.00,7.98,3.99,49.96,0.95,0.00
B41,COLOR MASTERBATCH POLY[ETHYLENE-CO-(VINYL ACETATE)] + 45% YELLOW PIGMENT #4,91.86,5.80,4.01,39.05,0.95,0.00
B41,COLOR MASTERBATCH POLY[ETHYLENE-CO-(VINYL ACETATE)] + 45% YELLOW PIGMENT #4,76.20,4.99,3.99,36.98,0.95,0.00
B41,COLOR MASTERBATCH POLY[ETHYLENE-CO-(VINYL ACETATE)] + 45% YELLOW PIGMENT #4,91.37,6.98,3.99,36.98,0.95,0.00
B41,COLOR MASTERBATCH POLY[ETHYLENE-CO-(VINYL ACETATE)] + 45% YELLOW PIGMENT #4,85.31,6.39,4.43,20.13,0.95,0.00
B41,COLOR MASTERBATCH POLY[ETHYLENE-CO-(VINYL ACETATE)] + 45% YELLOW PIGMENT #4,92.26,7.98,3.99,20.13,0.95,0.00
B41,COLOR MASTERBATCH POLY[ETHYLENE-CO-(VINYL ACETATE)] + 45% YELLOW PIGMENT #4,82.10,3.57,2.68,12.35,0.95,0.00
B41,COLOR MASTERBATCH POLY[ETHYLENE-CO-(VINYL ACETATE)] + 45% YELLOW PIGMENT #4,89.62,7.05,1.41,12.35,0.95,0.00
B41,COLOR MASTERBATCH POLY[ETHYLENE-CO-(VINYL ACETATE)] + 45% YELLOW PIGMENT #4,89.27,2.82,2.82,10.96,0.95,0.00
B41,POLYPROPYLENE + YELLOW PIGMENT #2,84.07,21.54,11.76,1868.15,0.90,0.00
B41,POLYPROPYLENE + YELLOW PIGMENT #2,79.11,19.32,12.99,1770.30,0.90,0.00
B41,POLYPROPYLENE + YELLOW PIGMENT #2,76.21,16.21,14.10,1718.35,0.90,0.00
B41,POLYPROPYLENE + YELLOW PIGMENT #2,84.98,20.51,11.15,1565.61,0.90,0.00
B41,POLYPROPYLENE + YELLOW PIGMENT #2,86.70,18.94,10.97,1508.68,0.90,0.00
B41,POLYPROPYLENE + YELLOW PIGMENT #2,76.47,24.44,8.99,1268.06,0.90,0.00
B41,POLYPROPYLENE + YELLOW PIGMENT #2,84.98,20.40,12.24,1254.74,0.90,0.00
B41,POLYPROPYLENE + YELLOW PIGMENT #2,77.45,16.21,11.28,1221.63,0.90,0.00
B41,POLYPROPYLENE + YELLOW PIGMENT #2,77.30,19.17,10.70,1208.47,0.90,0.00
B41,POLYPROPYLENE + YELLOW PIGMENT #2,81.62,14.96,13.96,1208.47,0.90,0.00
B41,POLYPROPYLENE + YELLOW PIGMENT #2,83.46,20.06,9.81,1162.79,0.90,0.00
B41,POLYPROPYLENE + YELLOW PIGMENT #2,89.79,15.76,11.04,1079.53,0.90,0.00
B41,POLYPROPYLENE + YELLOW PIGMENT #2,85.96,13.96,12.96,1023.10,0.90,0.00
B41,POLYPROPYLENE + YELLOW PIGMENT #2,75.65,13.89,12.49,1016.89,0.90,0.00
B41,POLYPROPYLENE + YELLOW PIGMENT #2,80.24,14.96,10.97,967.69,0.90,0.00
B41,POLYPROPYLENE + YELLOW PIGMENT #2,79.10,12.69,12.69,943.40,0.90,0.00
B41,POLYPROPYLENE + YELLOW PIGMENT #2,88.38,14.96,8.97,807.79,0.90,0.00
B41,POLYPROPYLENE + YELLOW PIGMENT #2,89.71,12.30,10.72,790.62,0.90,0.00
B41,POLYPROPYLENE + YELLOW PIGMENT #2,86.50,12.16,11.76,751.05,0.90,0.00
B41,POLYPROPYLENE + YELLOW PIGMENT #2,90.67,17.04,11.12,728.74,0.90,0.00
B41,POLYPROPYLENE + YELLOW PIGMENT #2,83.97,18.81,7.80,701.17,0.90,0.00
B41,POLYPROPYLENE + YELLOW PIGMENT #2,83.10,14.50,10.40,673.96,0.90,0.00
B41,POLYPROPYLENE + YELLOW PIGMENT #2,81.96,13.56,11.98,668.56,0.90,0.00
B41,POLYPROPYLENE + YELLOW PIGMENT #2,83.36,19.17,6.69,631.18,0.90,0.00
B41,POLYPROPYLENE + YELLOW PIGMENT #2,90.79,11.98,11.28,625.90,0.90,0.00
B41,POLYPROPYLENE + YELLOW PIGMENT #2,86.52,13.83,9.95,610.14,0.90,0.00
B41,POLYPROPYLENE + YELLOW PIGMENT #2,83.89,15.32,9.32,610.14,0.90,0.00
B41,POLYPROPYLENE + YELLOW PIGMENT #2,91.91,12.78,8.69,594.52,0.90,0.00
B41,POLYPROPYLENE + YELLOW PIGMENT #2,91.87,14.44,8.89,579.03,0.90,0.00
B41,POLYPROPYLENE + YELLOW PIGMENT #2,80.61,10.97,8.97,579.03,0.90,0.00
B41,POLYPROPYLENE + YELLOW PIGMENT #2,79.03,10.97,10.97,579.03,0.90,0.00
B41,POLYPROPYLENE + YELLOW PIGMENT #2,82.25,15.83,9.32,573.90,0.90,0.00
B41,POLYPROPYLENE + YELLOW PIGMENT #2,84.84,14.42,8.85,528.41,0.90,0.00
B41,POLYPROPYLENE + YELLOW PIGMENT #2,87.39,11.85,8.22,493.90,0.90,0.00
B41,POLYPROPYLENE + YELLOW PIGMENT #2,85.28,14.19,7.57,460.18,0.90,0.00
B41,POLYPROPYLENE + YELLOW PIGMENT #2,88.00,11.96,7.98,455.43,0.90,0.00
B41,POLYPROPYLENE + YELLOW PIGMENT #2,89.99,10.97,8.97,450.69,0.90,0.00
B41,POLYPROPYLENE + YELLOW PIGMENT #2,82.94,12.77,8.48,431.91,0.90,0.00
B41,POLYPROPYLENE + YELLOW PIGMENT #2,79.50,14.79,7.12,422.62,0.90,0.00
B41,POLYPROPYLENE + YELLOW PIGMENT #2,80.18,17.18,7.82,422.62,0.90,0.00
B41,POLYPROPYLENE + YELLOW PIGMENT #2,84.77,9.77,9.46,418.01,0.90,0.00
B41,POLYPROPYLENE + YELLOW PIGMENT #2,91.27,11.98,7.76,413.40,0.90,0.00
B41,POLYPROPYLENE + YELLOW PIGMENT #2,90.86,10.97,6.98,390.65,0.90,0.00
B41,POLYPROPYLENE + YELLOW PIGMENT #2,89.25,10.58,8.46,381.67,0.90,0.00
B41,POLYPROPYLENE + YELLOW PIGMENT #2,88.63,14.10,7.05,368.33,0.90,0.00
B41,POLYPROPYLENE + YELLOW PIGMENT #2,84.22,9.17,9.17,363.92,0.90,0.00
B41,POLYPROPYLENE + YELLOW PIGMENT #2,84.11,11.35,8.20,363.92,0.90,0.00
B41,POLYPROPYLENE + YELLOW PIGMENT #2,86.28,8.97,8.97,359.53,0.90,0.00
B41,POLYPROPYLENE + YELLOW PIGMENT #2,91.34,14.52,7.33,350.79,0.90,0.00
B41,POLYPROPYLENE + YELLOW PIGMENT #2,80.83,9.97,8.97,342.13,0.90,0.00
B41,POLYPROPYLENE + YELLOW PIGMENT #2,87.31,10.58,9.17,337.83,0.90,0.00
B41,POLYPROPYLENE + YELLOW PIGMENT #2,89.12,9.97,7.98,333.54,0.90,0.00
B41,POLYPROPYLENE + YELLOW PIGMENT #2,85.98,13.38,7.13,325.03,0.90,0.00
B41,POLYPROPYLENE + YELLOW PIGMENT #2,81.04,14.84,5.94,316.59,0.90,0.00
B41,POLYPROPYLENE + YELLOW PIGMENT #2,75.21,10.60,9.57,308.22,0.90,0.00
B41,POLYPROPYLENE + YELLOW PIGMENT #2,86.00,9.87,7.05,255.69,0.90,0.00
B41,POLYPROPYLENE + YELLOW PIGMENT #2,86.06,8.97,7.98,255.69,0.90,0.00
B41,POLYPROPYLENE + YELLOW PIGMENT #2,87.94,8.97,7.98,247.90,0.90,0.00
B41,POLYPROPYLENE + YELLOW PIGMENT #2,87.27,11.04,10.40,244.04,0.90,0.00
B41,POLYPROPYLENE + YELLOW PIGMENT #2,88.82,9.97,8.97,240.20,0.90,0.00
B41,POLYPROPYLENE + YELLOW PIGMENT #2,82.78,10.70,6.69,240.20,0.90,0.00
B41,POLYPROPYLENE + YELLOW PIGMENT #2,91.33,10.18,7.41,236.37,0.90,0.00
B41,POLYPROPYLENE + YELLOW PIGMENT #2,88.66,10.77,6.78,236.37,0.90,0.00
B41,POLYPROPYLENE + YELLOW PIGMENT #2,89.44,7.98,6.98,236.37,0.90,0.00
B41,POLYPROPYLENE + YELLOW PIGMENT #2,91.57,9.97,5.98,225.03,0.90,0.00
B41,POLYPROPYLENE + YELLOW PIGMENT #2,86.47,9.19,6.65,217.57,0.90,0.00
B41,POLYPROPYLENE + YELLOW PIGMENT #2,93.72,9.87,5.64,202.91,0.90,0.00
B41,POLYPROPYLENE + YELLOW PIGMENT #2,89.90,10.26,7.58,199.29,0.90,0.00
B41,POLYPROPYLENE + YELLOW PIGMENT #2,92.77,11.59,8.47,192.13,0.90,0.00
B41,POLYPROPYLENE + YELLOW PIGMENT #2,77.02,9.17,6.35,188.59,0.90,0.00
B41,POLYPROPYLENE + YELLOW PIGMENT #2,80.69,9.36,7.13,174.62,0.90,0.00
B41,POLYPROPYLENE + YELLOW PIGMENT #2,78.21,7.98,6.98,174.62,0.90,0.00
B41,POLYPROPYLENE + YELLOW PIGMENT #2,91.36,6.98,6.98,147.79,0.90,0.00
B41,POLYPROPYLENE + YELLOW PIGMENT #2,95.03,9.92,5.47,144.54,0.90,0.00
B41,POLYPROPYLENE + YELLOW PIGMENT #2,87.44,7.76,7.05,141.32,0.90,0.00
B41,POLYPROPYLENE + YELLOW PIGMENT #2,81.02,13.27,6.08,138.12,0.90,0.00
B41,POLYPROPYLENE + YELLOW PIGMENT #2,84.33,7.76,5.64,138.12,0.90,0.00
B41,POLYPROPYLENE + YELLOW PIGMENT #2,81.16,6.98,5.98,131.79,0.90,0.00
B41,POLYPROPYLENE + YELLOW PIGMENT #2,78.66,6.98,6.98,131.79,0.90,0.00
B41,POLYPROPYLENE + YELLOW PIGMENT #2,87.62,6.98,5.98,128.67,0.90,0.00
B41,POLYPROPYLENE + YELLOW PIGMENT #2,83.25,10.26,4.90,128.67,0.90,0.00
B41,POLYPROPYLENE + YELLOW PIGMENT #2,92.01,7.98,4.99,116.42,0.90,0.00
B41,POLYPROPYLENE + YELLOW PIGMENT #2,87.23,7.05,5.64,116.42,0.90,0.00
B41,POLYPROPYLENE + YELLOW PIGMENT #2,92.83,7.23,6.45,116.42,0.90,0.00
B41,POLYPROPYLENE + YELLOW PIGMENT #2,94.80,6.98,5.98,113.42,0.90,0.00
B41,POLYPROPYLENE + YELLOW PIGMENT #2,86.96,8.22,4.84,110.45,0.90,0.00
B41,POLYPROPYLENE + YELLOW PIGMENT #2,84.23,7.76,4.94,110.45,0.90,0.00
B41,POLYPROPYLENE + YELLOW PIGMENT #2,88.46,8.03,4.46,107.50,0.90,0.00
B41,POLYPROPYLENE + YELLOW PIGMENT #2,92.14,16.12,5.17,107.50,0.90,0.00
B41,POLYPROPYLENE + YELLOW PIGMENT #2,87.23,5.98,5.98,107.50,0.90,0.00
B41,POLYPROPYLENE + YELLOW PIGMENT #2,88.43,8.47,5.80,104.58,0.90,0.00
B41,POLYPROPYLENE + YELLOW PIGMENT #2,89.19,7.57,7.57,101.69,0.90,0.00
B41,POLYPROPYLENE + YELLOW PIGMENT #2,75.02,5.98,5.98,101.69,0.90,0.00
B41,POLYPROPYLENE + YELLOW PIGMENT #2,86.12,7.98,4.99,98.83,0.90,0.00
B41,POLYPROPYLENE + YELLOW PIGMENT #2,87.86,10.64,6.77,95.99,0.90,0.00
B41,POLYPROPYLENE + YELLOW PIGMENT #2,90.16,9.36,5.80,95.99,0.90,0.00
B41,POLYPROPYLENE + YELLOW PIGMENT #2,88.73,9.97,4.99,93.18,0.90,0.00
B41,POLYPROPYLENE + YELLOW PIGMENT #2,91.66,6.98,4.99,90.40,0.90,0.00
B41,POLYPROPYLENE + YELLOW PIGMENT #2,92.48,7.88,6.31,87.65,0.90,0.00
B41,POLYPROPYLENE + YELLOW PIGMENT #2,86.38,11.11,6.67,87.65,0.90,0.00
B41,POLYPROPYLENE + YELLOW PIGMENT #2,87.69,6.35,4.94,87.65,0.90,0.00
B41,POLYPROPYLENE + YELLOW PIGMENT #2,75.26,6.98,6.98,87.65,0.90,0.00
B41,POLYPROPYLENE + YELLOW PIGMENT #2,92.03,10.58,5.64,87.65,0.90,0.00
B41,POLYPROPYLENE + YELLOW PIGMENT #2,89.89,6.35,4.94,82.23,0.90,0.00
B41,POLYPROPYLENE + YELLOW PIGMENT #2,90.35,8.97,3.99,79.56,0.90,0.00
B41,POLYPROPYLENE + YELLOW PIGMENT #2,75.16,7.58,4.46,79.56,0.90,0.00
B41,POLYPROPYLENE + YELLOW PIGMENT #2,88.40,9.17,5.64,76.92,0.90,0.00
B41,POLYPROPYLENE + YELLOW PIGMENT #2,76.28,8.41,5.08,76.92,0.90,0.00
B41,POLYPROPYLENE + YELLOW PIGMENT #2,92.38,7.76,4.94,74.32,0.90,0.00
B41,POLYPROPYLENE + YELLOW PIGMENT #2,84.78,5.64,4.94,74.32,0.90,0.00
B41,POLYPROPYLENE + YELLOW PIGMENT #2,87.54,7.98,5.98,71.74,0.90,0.00
B41,POLYPROPYLENE + YELLOW PIGMENT #2,94.65,5.64,4.94,69.19,0.90,0.00
B41,POLYPROPYLENE + YELLOW PIGMENT #2,90.70,9.40,5.81,69.19,0.90,0.00
B41,POLYPROPYLENE + YELLOW PIGMENT #2,80.52,15.05,4.58,69.19,0.90,0.00
B41,POLYPROPYLENE + YELLOW PIGMENT #2,89.30,6.94,5.36,66.68,0.90,0.00
B41,POLYPROPYLENE + YELLOW PIGMENT #2,78.87,6.36,5.53,66.68,0.90,0.00
B41,POLYPROPYLENE + YELLOW PIGMENT #2,80.46,7.23,5.67,66.68,0.90,0.00
B41,POLYPROPYLENE + YELLOW PIGMENT #2,92.47,7.57,4.41,64.19,0.90,0.00
B41,POLYPROPYLENE + YELLOW PIGMENT #2,93.07,7.05,4.94,64.19,0.90,0.00
B41,POLYPROPYLENE + YELLOW PIGMENT #2,86.60,9.95,4.42,64.19,0.90,0.00
B41,POLYPROPYLENE + YELLOW PIGMENT #2,85.32,6.24,5.35,64.19,0.90,0.00
B41,POLYPROPYLENE + YELLOW PIGMENT #2,83.09,4.99,4.99,64.19,0.90,0.00
B41,POLYPROPYLENE + YELLOW PIGMENT #2,85.02,4.99,4.99,61.74,0.90,0.00
B41,POLYPROPYLENE + YELLOW PIGMENT #2,78.00,5.98,4.99,56.93,0.90,0.00
B41,POLYPROPYLENE + YELLOW PIGMENT #2,85.95,6.31,5.68,56.93,0.90,0.00
B41,POLYPROPYLENE + YELLOW PIGMENT #2,80.99,10.26,5.35,52.25,0.90,0.00
B41,POLYPROPYLENE + YELLOW PIGMENT #2,88.94,8.38,4.19,49.96,0.90,0.00
B41,POLYPROPYLENE + YELLOW PIGMENT #2,76.38,4.90,4.90,49.96,0.90,0.00
B41,POLYPROPYLENE + YELLOW PIGMENT #2,88.22,6.35,3.53,47.71,0.90,0.00
B41,POLYPROPYLENE + YELLOW PIGMENT #2,85.99,4.99,3.99,47.71,0.90,0.00
B41,POLYPROPYLENE + YELLOW PIGMENT #2,79.33,6.69,3.57,47.71,0.90,0.00
B41,POLYPROPYLENE + YELLOW PIGMENT #2,87.98,6.24,4.90,45.49,0.90,0.00
B41,POLYPROPYLENE + YELLOW PIGMENT #2,86.55,5.98,5.98,45.49,0.90,0.00
B41,POLYPROPYLENE + YELLOW PIGMENT #2,82.96,7.05,4.23,41.16,0.90,0.00
B41,POLYPROPYLENE + YELLOW PIGMENT #2,89.15,6.98,3.99,41.16,0.90,0.00
B41,POLYPROPYLENE + YELLOW PIGMENT #2,75.81,5.64,5.64,41.16,0.90,0.00
B41,POLYPROPYLENE + YELLOW PIGMENT #2,77.92,8.90,3.83,39.05,0.90,0.00
B41,POLYPROPYLENE + YELLOW PIGMENT #2,77.11,6.35,5.64,34.94,0.90,0.00
B41,POLYPROPYLENE + YELLOW PIGMENT #2,92.72,3.99,3.99,34.94,0.90,0.00
B41,POLYPROPYLENE + YELLOW PIGMENT #2,77.07,7.05,6.35,34.94,0.90,0.00
B41,POLYPROPYLENE + YELLOW PIGMENT #2,85.48,7.05,3.53,32.94,0.90,0.00
B41,POLYPROPYLENE + YELLOW PIGMENT #2,87.82,3.99,3.99,32.94,0.90,0.00
B41,POLYPROPYLENE + YELLOW PIGMENT #2,82.89,7.98,2.99,30.99,0.90,0.00
B41,POLYPROPYLENE + YELLOW PIGMENT #2,92.14,5.64,3.53,29.07,0.90,0.00
B41,POLYPROPYLENE + YELLOW PIGMENT #2,84.31,3.99,3.99,27.20,0.90,0.00
B41,POLYPROPYLENE + YELLOW PIGMENT #2,93.76,3.99,3.99,27.20,0.90,0.00
B41,POLYPROPYLENE + YELLOW PIGMENT #2,80.31,3.99,2.99,27.20,0.90,0.00
B41,POLYPROPYLENE + YELLOW PIGMENT #2,85.46,3.99,3.99,27.20,0.90,0.00
B41,POLYPROPYLENE + YELLOW PIGMENT #2,86.12,3.99,3.99,25.36,0.90,0.00
B41,POLYPROPYLENE + YELLOW PIGMENT #2,80.52,5.25,3.60,25.36,0.90,0.00
B41,POLYPROPYLENE + YELLOW PIGMENT #2,77.24,4.73,3.15,23.57,0.90,0.00
B41,POLYPROPYLENE + YELLOW PIGMENT #2,87.69,10.39,3.71,21.83,0.90,0.00
B41,POLYPROPYLENE + YELLOW PIGMENT #2,89.24,5.64,4.23,21.83,0.90,0.00
B41,POLYPROPYLENE + YELLOW PIGMENT #2,82.90,4.23,3.53,21.83,0.90,0.00
B41,POLYPROPYLENE + YELLOW PIGMENT #2,87.66,5.36,2.52,20.13,0.90,0.00
B41,POLYPROPYLENE + YELLOW PIGMENT #2,89.06,4.99,2.99,20.13,0.90,0.00
B41,POLYPROPYLENE + YELLOW PIGMENT #2,87.31,7.74,3.87,18.47,0.90,0.00
B41,POLYPROPYLENE + YELLOW PIGMENT #2,79.62,6.24,3.12,18.47,0.90,0.00
B41,POLYPROPYLENE + YELLOW PIGMENT #2,90.01,4.42,3.04,18.47,0.90,0.00
B41,POLYPROPYLENE + YELLOW PIGMENT #2,79.37,5.04,2.84,18.47,0.90,0.00
B41,POLYPROPYLENE + YELLOW PIGMENT #2,88.36,4.23,2.82,16.87,0.90,0.00
B41,POLYPROPYLENE + YELLOW PIGMENT #2,77.88,8.53,2.72,16.87,0.90,0.00
B41,POLYPROPYLENE + YELLOW PIGMENT #2,77.73,5.80,5.35,16.87,0.90,0.00
B41,POLYPROPYLENE + YELLOW PIGMENT #2,76.81,4.01,2.68,16.87,0.90,0.00
B41,POLYPROPYLENE + YELLOW PIGMENT #2,76.54,4.23,2.82,16.87,0.90,0.00
B41,POLYPROPYLENE + YELLOW PIGMENT #2,87.30,4.99,3.99,16.87,0.90,0.00
B41,POLYPROPYLENE + YELLOW PIGMENT #2,90.50,4.46,3.57,15.31,0.90,0.00
B41,POLYPROPYLENE + YELLOW PIGMENT #2,83.49,3.99,2.99,15.31,0.90,0.00
B41,POLYPROPYLENE + YELLOW PIGMENT #2,92.00,4.99,2.99,15.31,0.90,0.00
B41,POLYPROPYLENE + YELLOW PIGMENT #2,87.94,6.98,2.99,15.31,0.90,0.00
B41,POLYPROPYLENE + YELLOW PIGMENT #2,89.10,4.35,2.66,15.31,0.90,0.00
B41,POLYPROPYLENE + YELLOW PIGMENT #2,80.65,4.11,3.87,13.81,0.90,0.00
B41,POLYPROPYLENE + YELLOW PIGMENT #2,83.66,3.57,3.12,13.81,0.90,0.00
B41,POLYPROPYLENE + YELLOW PIGMENT #2,91.41,10.20,3.36,12.35,0.90,0.00
B41,POLYPROPYLENE + YELLOW PIGMENT #2,82.13,6.24,3.12,12.35,0.90,0.00
B41,POLYPROPYLENE + YELLOW PIGMENT #2,84.32,3.53,2.12,10.96,0.90,0.00
B41,POLYPROPYLENE + YELLOW PIGMENT #2,93.79,3.57,3.12,9.62,0.90,0.00
B41,POLYPROPYLENE + YELLOW PIGMENT #2,84.80,2.99,2.99,9.62,0.90,0.00
B41,POLYSTYRENE HIGH IMPACT,97.53,17.15,3.13,138.12,1.05,0.00
B42,COLOR MASTERBATCH POLY[ETHYLENE-CO-(VINYL ACETATE)] + 45% YELLOW PIGMENT #3,89.68,10.87,6.92,147.11,0.95,0.00
B42,COLOR MASTERBATCH POLY[ETHYLENE-CO-(VINYL ACETATE)] + 45% YELLOW PIGMENT #3,81.03,6.92,5.93,93.48,0.95,0.00
B42,COLOR MASTERBATCH POLY[ETHYLENE-CO-(VINYL ACETATE)] + 45% YELLOW PIGMENT #3,86.86,6.92,5.93,90.74,0.95,0.00
B42,COLOR MASTERBATCH POLY[ETHYLENE-CO-(VINYL ACETATE)] + 45% YELLOW PIGMENT #3,85.76,6.63,6.19,85.35,0.95,0.00
B42,COLOR MASTERBATCH POLY[ETHYLENE-CO-(VINYL ACETATE)] + 45% YELLOW PIGMENT #3,85.28,7.51,5.30,77.48,0.95,0.00
B42,COLOR MASTERBATCH POLY[ETHYLENE-CO-(VINYL ACETATE)] + 45% YELLOW PIGMENT #3,75.98,7.51,5.30,72.37,0.95,0.00
B42,COLOR MASTERBATCH POLY[ETHYLENE-CO-(VINYL ACETATE)] + 45% YELLOW PIGMENT #3,85.41,7.69,5.59,64.93,0.95,0.00
B42,COLOR MASTERBATCH POLY[ETHYLENE-CO-(VINYL ACETATE)] + 45% YELLOW PIGMENT #3,83.76,6.63,4.42,62.51,0.95,0.00
B42,COLOR MASTERBATCH POLY[ETHYLENE-CO-(VINYL ACETATE)] + 45% YELLOW PIGMENT #3,79.46,5.73,5.73,50.88,0.95,0.00
B42,COLOR MASTERBATCH POLY[ETHYLENE-CO-(VINYL ACETATE)] + 45% YELLOW PIGMENT #3,79.82,7.43,4.31,48.66,0.95,0.00
B42,COLOR MASTERBATCH POLY[ETHYLENE-CO-(VINYL ACETATE)] + 45% YELLOW PIGMENT #3,82.47,5.59,4.89,44.30,0.95,0.00
B42,COLOR MASTERBATCH POLY[ETHYLENE-CO-(VINYL ACETATE)] + 45% YELLOW PIGMENT #3,81.73,4.86,3.98,40.08,0.95,0.00
B42,COLOR MASTERBATCH POLY[ETHYLENE-CO-(VINYL ACETATE)] + 45% YELLOW PIGMENT #3,88.37,3.95,3.95,36.01,0.95,0.00
B42,COLOR MASTERBATCH POLY[ETHYLENE-CO-(VINYL ACETATE)] + 45% YELLOW PIGMENT #3,76.20,9.88,3.95,32.08,0.95,0.00
B42,COLOR MASTERBATCH POLY[ETHYLENE-CO-(VINYL ACETATE)] + 45% YELLOW PIGMENT #3,77.51,3.95,2.97,24.70,0.95,0.00
B42,COLOR MASTERBATCH POLY[ETHYLENE-CO-(VINYL ACETATE)] + 45% YELLOW PIGMENT #3,76.48,4.86,2.65,17.99,0.95,0.00
B42,COLOR MASTERBATCH POLY[ETHYLENE-CO-(VINYL ACETATE)] + 45% YELLOW PIGMENT #3,77.79,3.75,3.75,14.91,0.95,0.00
B42,COLOR MASTERBATCH POLY[ETHYLENE-CO-(VINYL ACETATE)] + 45% YELLOW PIGMENT #3,78.58,2.97,2.97,13.45,0.95,0.00
B42,COLOR MASTERBATCH POLY[ETHYLENE-CO-(VINYL ACETATE)] + 45% YELLOW PIGMENT #3,79.50,2.97,2.97,12.03,0.95,0.00
B42,COLOR MASTERBATCH POLY[ETHYLENE-CO-(VINYL ACETATE)] + 45% YELLOW PIGMENT #3,78.41,5.93,3.95,12.03,0.95,0.00
B42,COLOR MASTERBATCH POLY[ETHYLENE-CO-(VINYL ACETATE)] + 45% YELLOW PIGMENT #3,90.11,4.19,2.80,12.03,0.95,0.00
B42,COLOR MASTERBATCH POLY[ETHYLENE-CO-(VINYL ACETATE)] + 45% YELLOW PIGMENT #4,84.79,19.27,18.72,2084.16,0.95,0.00
B42,COLOR MASTERBATCH POLY[ETHYLENE-CO-(VINYL ACETATE)] + 45% YELLOW PIGMENT #4,81.10,18.22,12.46,1340.32,0.95,0.00
B42,COLOR MASTERBATCH POLY[ETHYLENE-CO-(VINYL ACETATE)] + 45% YELLOW PIGMENT #4,79.89,18.24,5.86,416.08,0.95,0.00
B42,COLOR MASTERBATCH POLY[ETHYLENE-CO-(VINYL ACETATE)] + 45% YELLOW PIGMENT #4,83.79,10.87,5.93,96.24,0.95,0.00
B42,COLOR MASTERBATCH POLY[ETHYLENE-CO-(VINYL ACETATE)] + 45% YELLOW PIGMENT #4,76.42,9.08,3.49,16.43,0.95,0.00
B42,COLOR MASTERBATCH POLY[ETHYLENE-CO-(VINYL ACETATE)] + 45% YELLOW PIGMENT #4,93.35,2.97,2.97,12.03,0.95,0.00
B42,COLOR MASTERBATCH POLY[ETHYLENE-CO-(VINYL ACETATE)] + 45% YELLOW PIGMENT #4,75.40,4.42,2.65,10.67,0.95,0.00
B42,COLOR MASTERBATCH POLY[ETHYLENE-CO-(VINYL ACETATE)] + 45% YELLOW PIGMENT #4,86.88,2.97,2.97,9.36,0.95,0.00
B42,POLYPROPYLENE + YELLOW PIGMENT #2,80.82,6.92,4.94,93.48,0.90,0.00
B42,POLYPROPYLENE + YELLOW PIGMENT #2,82.56,10.87,4.94,93.48,0.90,0.00
B42,POLYPROPYLENE + YELLOW PIGMENT #2,78.16,7.91,4.94,82.70,0.90,0.00
B42,POLYPROPYLENE + YELLOW PIGMENT #2,85.10,10.31,6.23,77.48,0.90,0.00
B42,POLYPROPYLENE + YELLOW PIGMENT #2,84.66,10.42,5.21,67.38,0.90,0.00
B42,POLYPROPYLENE + YELLOW PIGMENT #2,79.77,5.59,4.19,60.12,0.90,0.00
B42,POLYPROPYLENE + YELLOW PIGMENT #2,83.01,5.59,5.59,48.66,0.90,0.00
B42,POLYPROPYLENE + YELLOW PIGMENT #2,75.58,5.75,3.54,36.01,0.90,0.00
B42,POLYPROPYLENE + YELLOW PIGMENT #2,84.72,6.47,3.60,34.03,0.90,0.00
B42,POLYPROPYLENE + YELLOW PIGMENT #2,84.29,7.69,3.49,34.03,0.90,0.00
B42,POLYPROPYLENE + YELLOW PIGMENT #2,76.00,8.14,3.94,24.70,0.90,0.00
B42,POLYPROPYLENE + YELLOW PIGMENT #2,82.28,6.71,3.36,22.96,0.90,0.00
B42,POLYPROPYLENE + YELLOW PIGMENT #2,84.21,6.29,4.19,19.60,0.90,0.00
B42,POLYPROPYLENE + YELLOW PIGMENT #2,82.44,3.95,2.97,14.91,0.90,0.00
B42,POLYPROPYLENE + YELLOW PIGMENT #2,90.29,3.95,2.97,12.03,0.90,0.00
B42,POLYPROPYLENE + YELLOW PIGMENT #2,80.30,3.54,2.21,9.36,0.90,0.00
B42,POLYPROPYLENE + YELLOW PIGMENT #2,75.53,2.97,2.97,9.36,0.90,0.00
B42,Polyurethane 6. Black Phone Case,77.86,2.80,2.80,10.67,1.70,0.00
B43,CELLULOSE PROPIONATE,75.16,10.31,4.03,50.77,1.23,0.00
B43,COLOR MASTERBATCH POLY[ETHYLENE-CO-(VINYL ACETATE)] + 45% YELLOW PIGMENT #4,88.19,15.65,10.55,977.07,0.95,0.00
B43,COLOR MASTERBATCH POLY[ETHYLENE-CO-(VINYL ACETATE)] + 45% YELLOW PIGMENT #4,81.74,8.02,8.02,263.79,0.95,0.00
B43,COLOR MASTERBATCH POLY[ETHYLENE-CO-(VINYL ACETATE)] + 45% YELLOW PIGMENT #4,89.46,11.21,5.38,217.31,0.95,0.00
B43,COLOR MASTERBATCH POLY[ETHYLENE-CO-(VINYL ACETATE)] + 45% YELLOW PIGMENT #4,76.37,7.23,6.12,127.59,0.95,0.00
B43,COLOR MASTERBATCH POLY[ETHYLENE-CO-(VINYL ACETATE)] + 45% YELLOW PIGMENT #4,83.80,12.17,3.89,97.54,0.95,0.00
B43,COLOR MASTERBATCH POLY[ETHYLENE-CO-(VINYL ACETATE)] + 45% YELLOW PIGMENT #4,89.16,6.01,3.01,46.22,0.95,0.00
B43,COLOR MASTERBATCH POLY[ETHYLENE-CO-(VINYL ACETATE)] + 45% YELLOW PIGMENT #4,84.42,4.25,3.54,33.48,0.95,0.00
B43,COLOR MASTERBATCH POLY[ETHYLENE-CO-(VINYL ACETATE)] + 45% YELLOW PIGMENT #4,88.58,3.01,3.01,15.56,0.95,0.00
B44,Poly(isobutylene-co-isoprene),76.07,8.30,3.98,80.14,0.92,0.00
B44,"Polydimethylsiloxane, dimethylamine terminated",78.41,14.27,6.72,237.39,0.97,0.00
B44,Polystyrene 15. Purple LEGO,88.14,4.11,2.74,12.62,1.05,0.00
B44,Polystyrene 5. Orange Microsphere,87.75,5.81,4.84,56.45,1.05,0.00
B44,Polystyrene 5. Orange Microsphere,90.44,6.77,2.90,47.78,1.05,0.00
B44,POLYSTYRENE HIGH IMPACT,94.44,13.85,13.60,538.89,1.05,0.00
B44,Polyvinyl Chloride 2. Yellow Raincoat,78.18,15.05,11.63,952.61,1.38,0.00
B44,Polyvinyl Chloride 21. Green Slinky Toy,77.60,3.87,3.87,28.34,1.38,0.00
B44,Polypropylene 10. Black Battery Holder,97.44,7.78,3.22,15.42,0.90,0.00
B45,Polyvinyl Chloride 21. Green Slinky Toy,77.58,16.90,7.58,493.30,1.38,0.00
B45,TEFLON,82.92,5.96,3.97,61.06,2.20,0.00
B45,TEFLON,79.85,5.34,3.46,25.08,2.20,0.00
B45,TEFLON,76.90,3.97,2.98,21.59,2.20,0.00
B46,Polystyrene 4. White Microsphere,94.46,15.96,11.93,972.11,1.05,0.00
B46,POLYSTYRENE HIGH IMPACT,90.60,25.16,19.01,4155.05,1.05,0.00
B46,Polyvinyl Chloride 21. Green Slinky Toy,79.02,5.75,4.42,24.70,1.38,0.00
B47,COLOR MASTERBATCH POLY[ETHYLENE-CO-(VINYL ACETATE)] + 45% YELLOW PIGMENT #3,80.90,6.09,6.09,92.46,0.95,0.00
B47,COLOR MASTERBATCH POLY[ETHYLENE-CO-(VINYL ACETATE)] + 45% YELLOW PIGMENT #3,83.94,9.13,4.06,78.40,0.95,0.00
B47,COLOR MASTERBATCH POLY[ETHYLENE-CO-(VINYL ACETATE)] + 45% YELLOW PIGMENT #3,76.37,10.15,6.09,72.99,0.95,0.00
B47,COLOR MASTERBATCH POLY[ETHYLENE-CO-(VINYL ACETATE)] + 45% YELLOW PIGMENT #3,92.25,3.05,3.05,14.56,0.95,0.00
B47,COLOR MASTERBATCH POLY[ETHYLENE-CO-(VINYL ACETATE)] + 45% YELLOW PIGMENT #4,90.74,17.59,14.53,1727.70,0.95,0.00
B47,COLOR MASTERBATCH POLY[ETHYLENE-CO-(VINYL ACETATE)] + 45% YELLOW PIGMENT #4,91.48,16.19,8.01,594.64,0.95,0.00
B47,COLOR MASTERBATCH POLY[ETHYLENE-CO-(VINYL ACETATE)] + 45% YELLOW PIGMENT #4,91.03,10.05,7.18,214.05,0.95,0.00
B47,COLOR MASTERBATCH POLY[ETHYLENE-CO-(VINYL ACETATE)] + 45% YELLOW PIGMENT #4,77.80,7.10,4.06,81.15,0.95,0.00
B47,COLOR MASTERBATCH POLY[ETHYLENE-CO-(VINYL ACETATE)] + 45% YELLOW PIGMENT #4,77.66,6.09,4.06,65.13,0.95,0.00
B47,Polyethylene 6. White Microsphere,88.29,5.66,2.22,8.79,0.91,0.00
B47,POLYPROPYLENE + YELLOW PIGMENT #2,87.65,17.25,13.19,1599.01,0.90,0.00
B47,POLYPROPYLENE + YELLOW PIGMENT #2,91.38,18.27,14.21,1554.38,0.90,0.00
B47,POLYPROPYLENE + YELLOW PIGMENT #2,91.43,20.81,12.20,1502.86,0.90,0.00
B47,POLYPROPYLENE + YELLOW PIGMENT #2,84.28,27.69,13.16,1444.69,0.90,0.00
B47,POLYPROPYLENE + YELLOW PIGMENT #2,88.81,17.25,11.80,1401.57,0.90,0.00
B47,POLYPROPYLENE + YELLOW PIGMENT #2,85.17,15.22,12.18,1380.17,0.90,0.00
B47,POLYPROPYLENE + YELLOW PIGMENT #2,89.24,14.35,12.92,1373.06,0.90,0.00
B47,POLYPROPYLENE + YELLOW PIGMENT #2,88.89,26.09,11.32,1330.67,0.90,0.00
B47,POLYPROPYLENE + YELLOW PIGMENT #2,82.12,14.21,12.18,1226.65,0.90,0.00
B47,POLYPROPYLENE + YELLOW PIGMENT #2,83.89,14.21,13.19,1138.81,0.90,0.00
B47,POLYPROPYLENE + YELLOW PIGMENT #2,90.48,16.52,10.35,932.10,0.90,0.00
B47,POLYPROPYLENE + YELLOW PIGMENT #2,78.25,14.82,12.99,913.44,0.90,0.00
B47,POLYPROPYLENE + YELLOW PIGMENT #2,89.02,16.02,10.55,870.39,0.90,0.00
B47,POLYPROPYLENE + YELLOW PIGMENT #2,87.58,12.18,12.18,840.06,0.90,0.00
B47,POLYPROPYLENE + YELLOW PIGMENT #2,84.08,15.79,10.05,834.04,0.90,0.00
B47,POLYPROPYLENE + YELLOW PIGMENT #2,79.18,14.75,9.32,822.04,0.90,0.00
B47,POLYPROPYLENE + YELLOW PIGMENT #2,85.03,17.25,10.15,768.76,0.90,0.00
B47,POLYPROPYLENE + YELLOW PIGMENT #2,87.80,13.19,10.15,762.92,0.90,0.00
B47,POLYPROPYLENE + YELLOW PIGMENT #2,90.83,13.64,9.33,671.43,0.90,0.00
B47,POLYPROPYLENE + YELLOW PIGMENT #2,89.05,12.92,9.33,665.84,0.90,0.00
B47,POLYPROPYLENE + YELLOW PIGMENT #2,87.99,14.53,10.24,643.65,0.90,0.00
B47,POLYPROPYLENE + YELLOW PIGMENT #2,90.87,19.38,10.05,632.65,0.90,0.00
B47,POLYPROPYLENE + YELLOW PIGMENT #2,78.06,15.43,12.71,616.26,0.90,0.00
B47,POLYPROPYLENE + YELLOW PIGMENT #2,81.16,11.16,10.15,600.02,0.90,0.00
B47,POLYPROPYLENE + YELLOW PIGMENT #2,79.34,12.25,9.05,589.28,0.90,0.00
B47,POLYPROPYLENE + YELLOW PIGMENT #2,90.93,13.63,8.58,573.28,0.90,0.00
B47,POLYPROPYLENE + YELLOW PIGMENT #2,90.69,11.16,10.15,521.02,0.90,0.00
B47,POLYPROPYLENE + YELLOW PIGMENT #2,80.51,10.15,10.15,521.02,0.90,0.00
B47,POLYPROPYLENE + YELLOW PIGMENT #2,89.21,10.15,9.13,485.45,0.90,0.00
B47,POLYPROPYLENE + YELLOW PIGMENT #2,82.51,18.61,8.17,470.46,0.90,0.00
B47,POLYPROPYLENE + YELLOW PIGMENT #2,89.39,10.15,9.13,470.46,0.90,0.00
B47,POLYPROPYLENE + YELLOW PIGMENT #2,80.89,13.62,7.72,460.56,0.90,0.00
B47,POLYPROPYLENE + YELLOW PIGMENT #2,92.02,17.25,12.18,450.72,0.90,0.00
B47,POLYPROPYLENE + YELLOW PIGMENT #2,90.60,10.44,9.99,426.45,0.90,0.00
B47,POLYPROPYLENE + YELLOW PIGMENT #2,90.15,11.48,8.61,426.45,0.90,0.00
B47,POLYPROPYLENE + YELLOW PIGMENT #2,91.76,11.87,9.05,416.87,0.90,0.00
B47,POLYPROPYLENE + YELLOW PIGMENT #2,87.41,9.99,8.62,365.48,0.90,0.00
B47,POLYPROPYLENE + YELLOW PIGMENT #2,83.29,10.15,9.13,356.38,0.90,0.00
B47,POLYPROPYLENE + YELLOW PIGMENT #2,76.74,11.35,10.44,338.42,0.90,0.00
B47,POLYPROPYLENE + YELLOW PIGMENT #2,91.69,14.07,6.81,307.73,0.90,0.00
B47,POLYPROPYLENE + YELLOW PIGMENT #2,92.40,9.13,7.10,290.64,0.90,0.00
B47,POLYPROPYLENE + YELLOW PIGMENT #2,83.34,8.12,8.12,278.03,0.90,0.00
B47,POLYPROPYLENE + YELLOW PIGMENT #2,80.91,9.33,7.89,273.87,0.90,0.00
B47,POLYPROPYLENE + YELLOW PIGMENT #2,82.54,9.40,7.31,257.44,0.90,0.00
B47,POLYPROPYLENE + YELLOW PIGMENT #2,82.53,9.08,7.26,253.39,0.90,0.00
B47,POLYPROPYLENE + YELLOW PIGMENT #2,89.94,9.19,8.72,221.74,0.90,0.00
B47,POLYPROPYLENE + YELLOW PIGMENT #2,84.76,7.89,7.18,217.88,0.90,0.00
B47,POLYPROPYLENE + YELLOW PIGMENT #2,75.21,8.12,7.10,214.05,0.90,0.00
B47,POLYPROPYLENE + YELLOW PIGMENT #2,85.99,12.18,8.93,210.24,0.90,0.00
B47,POLYPROPYLENE + YELLOW PIGMENT #2,80.07,9.31,6.10,202.68,0.90,0.00
B47,POLYPROPYLENE + YELLOW PIGMENT #2,78.83,11.05,5.98,195.22,0.90,0.00
B47,POLYPROPYLENE + YELLOW PIGMENT #2,92.64,8.16,7.88,180.59,0.90,0.00
B47,POLYPROPYLENE + YELLOW PIGMENT #2,87.71,8.12,6.09,169.86,0.90,0.00
B47,POLYPROPYLENE + YELLOW PIGMENT #2,85.48,8.12,6.09,162.83,0.90,0.00
B47,POLYPROPYLENE + YELLOW PIGMENT #2,90.50,9.01,6.34,149.08,0.90,0.00
B47,POLYPROPYLENE + YELLOW PIGMENT #2,75.09,9.24,5.09,101.26,0.90,0.00
B47,POLYPROPYLENE + YELLOW PIGMENT #2,90.18,6.09,5.08,92.46,0.90,0.00
B47,POLYPROPYLENE + YELLOW PIGMENT #2,88.01,12.26,6.35,92.46,0.90,0.00
B47,POLYPROPYLENE + YELLOW PIGMENT #2,88.72,6.09,5.08,89.59,0.90,0.00
B47,POLYPROPYLENE + YELLOW PIGMENT #2,86.32,7.35,5.28,86.74,0.90,0.00
B47,POLYPROPYLENE + YELLOW PIGMENT #2,84.81,5.90,4.54,57.57,0.90,0.00
B47,POLYPROPYLENE + YELLOW PIGMENT #2,93.04,5.90,4.09,55.12,0.90,0.00
B47,POLYPROPYLENE + YELLOW PIGMENT #2,85.12,7.10,6.09,52.71,0.90,0.00
B47,POLYPROPYLENE + YELLOW PIGMENT #2,90.29,5.08,3.05,41.19,0.90,0.00
B47,POLYPROPYLENE + YELLOW PIGMENT #2,75.85,7.26,3.63,34.75,0.90,0.00
B47,POLYPROPYLENE + YELLOW PIGMENT #2,91.38,8.12,3.05,26.76,0.90,0.00
B47,POLYPROPYLENE + YELLOW PIGMENT #2,93.10,4.06,4.06,26.76,0.90,0.00
B47,POLYPROPYLENE + YELLOW PIGMENT #2,91.04,6.35,3.63,23.03,0.90,0.00
B47,POLYPROPYLENE + YELLOW PIGMENT #2,91.99,7.16,4.90,17.79,0.90,0.00
B47,POLYPROPYLENE + YELLOW PIGMENT #2,80.28,4.06,3.05,16.15,0.90,0.00
B47,POLYPROPYLENE + YELLOW PIGMENT #2,87.75,5.08,3.05,14.56,0.90,0.00
B47,POLYPROPYLENE + YELLOW PIGMENT #2,91.13,3.05,3.05,11.56,0.90,0.00
B47,POLYPROPYLENE + YELLOW PIGMENT #2,80.47,4.17,2.89,11.56,0.90,0.00
B47,POLYPROPYLENE + YELLOW PIGMENT #2,80.30,4.54,2.72,10.14,0.90,0.00
B47,Polypropylene 10. Black Battery Holder,98.42,25.04,19.16,4501.55,0.90,0.00
B47,Polypropylene 10. Black Battery Holder,93.68,22.82,19.50,4219.72,0.90,0.00
B47,Polypropylene 10. Black Battery Holder,92.10,30.72,19.82,3202.20,0.90,0.00
B47,Polypropylene 10. Black Battery Holder,98.70,16.87,14.51,1938.79,0.90,0.00
B47,Polypropylene 10. Black Battery Holder,88.44,13.31,9.37,621.71,0.90,0.00
B47,Polypropylene 10. Black Battery Holder,98.64,12.67,8.16,470.46,0.90,0.00
B47,Polypropylene 10. Black Battery Holder,98.24,8.61,7.89,257.44,0.90,0.00
B47,Polypropylene 10. Black Battery Holder,88.92,12.18,5.08,184.21,0.90,0.00
B47,Polypropylene 10. Black Battery Holder,96.50,4.31,2.87,21.23,0.90,0.00
B47,Polypropylene 8. White Bottle Cap,97.89,8.12,4.06,39.01,0.90,0.00
B47,Polypropylene 8. White Bottle Cap,95.25,7.18,4.31,16.15,0.90,0.00
B47,Polypropylene 8. White Bottle Cap,96.95,5.18,2.59,10.14,0.90,0.00
B47,Polypropylene 8. White Bottle Cap,98.12,3.05,3.05,8.79,0.90,0.00
B47,POLYPROPYLENE-GRAFT-MALEIC ANHYDRIDE,81.90,7.16,2.83,21.23,0.90,0.00
B47,Polyvinyl Chloride 2. Yellow Raincoat,77.93,7.18,5.74,101.26,1.38,0.00
B47,TEFLON,83.63,6.09,4.06,60.06,2.20,0.00
B48,BRIJ (R) 78,85.90,5.05,3.03,12.82,0.87,0.00
B48,Brij L4 362,85.99,6.06,4.04,56.64,0.87,0.00
B48,ESTABEX 2349,97.14,5.39,2.45,12.82,1.00,0.00
B48,GLUE - OFFICE WHITE,93.97,8.68,5.32,143.35,1.06,0.00
B48,"KELTAN 314, COPOLYMER EPDM TYPE",96.64,8.40,4.01,38.38,0.86,0.00
B48,"KELTAN 314, COPOLYMER EPDM TYPE",96.81,3.57,3.57,32.16,0.86,0.00
B48,"KELTAN 314, COPOLYMER EPDM TYPE",83.79,4.97,3.16,24.47,0.86,0.00
B48,"KELTAN 314, COPOLYMER EPDM TYPE",81.22,6.06,3.03,8.65,0.86,0.00
B48,"NYLON 6,6",90.23,33.51,24.53,5663.53,1.08,0.01
B48,"NYLON 6,6",96.35,14.60,10.08,324.23,1.08,0.00
B48,"NYLON 6,6",98.01,9.89,6.46,199.42,1.08,0.00
B48,POLY[(ACRYLIC ACID):(BUTYL ACRYLATE):(METHACRYL AMIDE):STYRENE],87.87,8.57,4.16,82.58,1.13,0.00
B48,Polyamide 2. White Pellet,97.96,31.78,25.59,9200.93,1.30,0.01
B48,Polyamide 2. White Pellet,97.95,26.82,26.67,7324.27,1.30,0.01
B48,Polyamide 2. White Pellet,98.27,22.13,21.41,4346.16,1.30,0.01
B48,Polyamide 2. White Pellet,98.38,31.16,14.20,2787.26,1.30,0.00
B48,Polyamide 2. White Pellet,98.57,28.54,16.39,2413.64,1.30,0.00
B48,Polyamide 2. White Pellet,98.32,22.85,13.62,2287.58,1.30,0.00
B48,Polyamide 2. White Pellet,93.64,18.96,14.45,2155.62,1.30,0.00
B48,Polyamide 2. White Pellet,97.77,21.28,12.75,1558.53,1.30,0.00
B48,Polyamide 2. White Pellet,97.87,20.35,16.45,1247.47,1.30,0.00
B48,Polyamide 2. White Pellet,97.48,16.10,9.69,929.38,1.30,0.00
B48,Polyamide 2. White Pellet,97.29,16.30,9.53,868.38,1.30,0.00
B48,Polyamide 2. White Pellet,91.56,16.25,10.83,779.51,1.30,0.00
B48,Polyamide 2. White Pellet,98.40,18.61,8.47,590.34,1.30,0.00
B48,Polyamide 2. White Pellet,97.49,18.02,8.91,467.77,1.30,0.00
B48,Polyamide 2. White Pellet,97.80,15.14,5.05,307.02,1.30,0.00
B48,Polyamide 2. White Pellet,98.44,8.62,8.62,241.39,1.30,0.00
B48,Polyamide 2. White Pellet,98.56,15.29,6.84,214.37,1.30,0.00
B48,Polyamide 2. White Pellet,97.07,17.37,8.43,206.85,1.30,0.00
B48,Polyamide 2. White Pellet,98.22,11.15,8.80,140.06,1.30,0.00
B48,Polyamide 2. White Pellet,98.36,11.42,4.28,123.97,1.30,0.00
B48,Polyamide 2. White Pellet,96.05,9.64,5.69,96.71,1.30,0.00
B48,Polyamide 2. White Pellet,97.92,7.30,4.65,40.53,1.30,0.00
B48,Polyamide 2. White Pellet,98.38,6.06,4.04,38.38,1.30,0.00
B48,Polyamide 2. White Pellet,96.93,5.05,4.04,20.89,1.30,0.00
B48,Polyamide 2. White Pellet,97.16,8.58,2.71,17.51,1.30,0.00
B48,Polyamide 2. White Pellet,97.02,5.42,3.61,15.89,1.30,0.00
B48,Polyamide 2. White Pellet,98.12,4.51,2.71,14.33,1.30,0.00
B48,Polyamide 2. White Pellet,97.89,3.03,3.03,12.82,1.30,0.00
B48,Polyamide 2. White Pellet,98.15,5.05,3.03,11.37,1.30,0.00
B48,Polyamide 2. White Pellet,97.93,6.94,2.81,8.65,1.30,0.00
B48,"VISTALON 6505, COPOLYMER EPDM TYPE",93.49,3.03,3.03,15.89,1.19,0.00
B48,"VISTALON 8510, COPOLYMER EPDM TYPE",97.60,13.16,6.87,269.45,1.19,0.00
B49,COLOR MASTERBATCH POLY[ETHYLENE-CO-(VINYL ACETATE)] + 45% YELLOW PIGMENT #3,81.11,8.29,3.83,66.39,0.95,0.00
B49,COLOR MASTERBATCH POLY[ETHYLENE-CO-(VINYL ACETATE)] + 45% YELLOW PIGMENT #3,85.81,5.04,4.03,49.35,0.95,0.00
B49,COLOR MASTERBATCH POLY[ETHYLENE-CO-(VINYL ACETATE)] + 45% YELLOW PIGMENT #3,83.79,6.38,3.83,47.05,0.95,0.00
B49,COLOR MASTERBATCH POLY[ETHYLENE-CO-(VINYL ACETATE)] + 45% YELLOW PIGMENT #3,88.53,4.99,4.28,47.05,0.95,0.00
B49,COLOR MASTERBATCH POLY[ETHYLENE-CO-(VINYL ACETATE)] + 45% YELLOW PIGMENT #3,85.16,7.67,3.16,47.05,0.95,0.00
B49,COLOR MASTERBATCH POLY[ETHYLENE-CO-(VINYL ACETATE)] + 45% YELLOW PIGMENT #3,85.72,4.03,4.03,30.07,0.95,0.00
B49,COLOR MASTERBATCH POLY[ETHYLENE-CO-(VINYL ACETATE)] + 45% YELLOW PIGMENT #3,76.82,6.53,3.36,30.07,0.95,0.00
B49,COLOR MASTERBATCH POLY[ETHYLENE-CO-(VINYL ACETATE)] + 45% YELLOW PIGMENT #3,85.44,4.03,3.03,28.13,0.95,0.00
B49,COLOR MASTERBATCH POLY[ETHYLENE-CO-(VINYL ACETATE)] + 45% YELLOW PIGMENT #3,82.97,4.03,3.03,22.58,0.95,0.00
B49,COLOR MASTERBATCH POLY[ETHYLENE-CO-(VINYL ACETATE)] + 45% YELLOW PIGMENT #3,76.80,3.03,3.03,17.45,0.95,0.00
B49,COLOR MASTERBATCH POLY[ETHYLENE-CO-(VINYL ACETATE)] + 45% YELLOW PIGMENT #3,77.05,2.85,2.85,14.28,0.95,0.00
B49,COLOR MASTERBATCH POLY[ETHYLENE-CO-(VINYL ACETATE)] + 45% YELLOW PIGMENT #3,80.43,6.11,2.69,12.78,0.95,0.00
B49,COLOR MASTERBATCH POLY[ETHYLENE-CO-(VINYL ACETATE)] + 45% YELLOW PIGMENT #4,87.33,17.14,16.13,2388.38,0.95,0.00
B49,COLOR MASTERBATCH POLY[ETHYLENE-CO-(VINYL ACETATE)] + 45% YELLOW PIGMENT #4,85.30,17.14,14.12,1360.17,0.95,0.00
B49,COLOR MASTERBATCH POLY[ETHYLENE-CO-(VINYL ACETATE)] + 45% YELLOW PIGMENT #4,88.40,18.33,8.82,889.52,0.95,0.00
B49,COLOR MASTERBATCH POLY[ETHYLENE-CO-(VINYL ACETATE)] + 45% YELLOW PIGMENT #4,85.16,13.42,10.07,620.28,0.95,0.00
B49,COLOR MASTERBATCH POLY[ETHYLENE-CO-(VINYL ACETATE)] + 45% YELLOW PIGMENT #4,90.02,15.73,9.68,515.89,0.95,0.00
B49,COLOR MASTERBATCH POLY[ETHYLENE-CO-(VINYL ACETATE)] + 45% YELLOW PIGMENT #4,94.34,14.43,9.92,490.81,0.95,0.00
B49,COLOR MASTERBATCH POLY[ETHYLENE-CO-(VINYL ACETATE)] + 45% YELLOW PIGMENT #4,79.83,11.70,10.39,367.33,0.95,0.00
B49,COLOR MASTERBATCH POLY[ETHYLENE-CO-(VINYL ACETATE)] + 45% YELLOW PIGMENT #4,94.06,16.26,9.88,349.42,0.95,0.00
B49,COLOR MASTERBATCH POLY[ETHYLENE-CO-(VINYL ACETATE)] + 45% YELLOW PIGMENT #4,92.54,14.88,7.13,340.57,0.95,0.00
B49,COLOR MASTERBATCH POLY[ETHYLENE-CO-(VINYL ACETATE)] + 45% YELLOW PIGMENT #4,87.47,9.07,7.06,240.55,0.95,0.00
B49,COLOR MASTERBATCH POLY[ETHYLENE-CO-(VINYL ACETATE)] + 45% YELLOW PIGMENT #4,93.61,9.07,7.06,236.64,0.95,0.00
B49,COLOR MASTERBATCH POLY[ETHYLENE-CO-(VINYL ACETATE)] + 45% YELLOW PIGMENT #4,92.23,10.08,6.05,221.21,0.95,0.00
B49,COLOR MASTERBATCH POLY[ETHYLENE-CO-(VINYL ACETATE)] + 45% YELLOW PIGMENT #4,88.82,10.08,6.05,217.40,0.95,0.00
B49,COLOR MASTERBATCH POLY[ETHYLENE-CO-(VINYL ACETATE)] + 45% YELLOW PIGMENT #4,93.15,8.07,7.06,209.87,0.95,0.00
B49,COLOR MASTERBATCH POLY[ETHYLENE-CO-(VINYL ACETATE)] + 45% YELLOW PIGMENT #4,92.23,12.58,7.35,202.41,0.95,0.00
B49,COLOR MASTERBATCH POLY[ETHYLENE-CO-(VINYL ACETATE)] + 45% YELLOW PIGMENT #4,85.14,10.08,7.06,195.05,0.95,0.00
B49,COLOR MASTERBATCH POLY[ETHYLENE-CO-(VINYL ACETATE)] + 45% YELLOW PIGMENT #4,88.47,9.92,6.14,191.41,0.95,0.00
B49,COLOR MASTERBATCH POLY[ETHYLENE-CO-(VINYL ACETATE)] + 45% YELLOW PIGMENT #4,90.55,7.13,7.13,180.61,0.95,0.00
B49,COLOR MASTERBATCH POLY[ETHYLENE-CO-(VINYL ACETATE)] + 45% YELLOW PIGMENT #4,92.02,7.06,6.05,159.65,0.95,0.00
B49,COLOR MASTERBATCH POLY[ETHYLENE-CO-(VINYL ACETATE)] + 45% YELLOW PIGMENT #4,91.40,7.51,6.53,142.85,0.95,0.00
B49,COLOR MASTERBATCH POLY[ETHYLENE-CO-(VINYL ACETATE)] + 45% YELLOW PIGMENT #4,94.93,9.98,5.70,133.08,0.95,0.00
B49,COLOR MASTERBATCH POLY[ETHYLENE-CO-(VINYL ACETATE)] + 45% YELLOW PIGMENT #4,91.03,6.42,6.42,120.41,0.95,0.00
B49,COLOR MASTERBATCH POLY[ETHYLENE-CO-(VINYL ACETATE)] + 45% YELLOW PIGMENT #4,84.02,7.67,5.41,117.31,0.95,0.00
B49,COLOR MASTERBATCH POLY[ETHYLENE-CO-(VINYL ACETATE)] + 45% YELLOW PIGMENT #4,94.86,7.13,4.99,117.31,0.95,0.00
B49,COLOR MASTERBATCH POLY[ETHYLENE-CO-(VINYL ACETATE)] + 45% YELLOW PIGMENT #4,92.12,9.07,5.04,117.31,0.95,0.00
B49,COLOR MASTERBATCH POLY[ETHYLENE-CO-(VINYL ACETATE)] + 45% YELLOW PIGMENT #4,91.79,8.57,4.96,117.31,0.95,0.00
B49,COLOR MASTERBATCH POLY[ETHYLENE-CO-(VINYL ACETATE)] + 45% YELLOW PIGMENT #4,89.84,7.06,5.04,108.17,0.95,0.00
B49,COLOR MASTERBATCH POLY[ETHYLENE-CO-(VINYL ACETATE)] + 45% YELLOW PIGMENT #4,92.06,7.06,6.05,102.22,0.95,0.00
B49,COLOR MASTERBATCH POLY[ETHYLENE-CO-(VINYL ACETATE)] + 45% YELLOW PIGMENT #4,93.02,7.13,5.70,99.28,0.95,0.00
B49,COLOR MASTERBATCH POLY[ETHYLENE-CO-(VINYL ACETATE)] + 45% YELLOW PIGMENT #4,93.69,7.06,5.04,93.50,0.95,0.00
B49,COLOR MASTERBATCH POLY[ETHYLENE-CO-(VINYL ACETATE)] + 45% YELLOW PIGMENT #4,92.05,6.06,5.74,93.50,0.95,0.00
B49,COLOR MASTERBATCH POLY[ETHYLENE-CO-(VINYL ACETATE)] + 45% YELLOW PIGMENT #4,92.38,7.21,6.76,90.65,0.95,0.00
B49,COLOR MASTERBATCH POLY[ETHYLENE-CO-(VINYL ACETATE)] + 45% YELLOW PIGMENT #4,82.38,6.05,5.04,90.65,0.95,0.00
B49,COLOR MASTERBATCH POLY[ETHYLENE-CO-(VINYL ACETATE)] + 45% YELLOW PIGMENT #4,87.92,7.21,5.41,85.05,0.95,0.00
B49,COLOR MASTERBATCH POLY[ETHYLENE-CO-(VINYL ACETATE)] + 45% YELLOW PIGMENT #4,89.29,7.06,4.03,82.29,0.95,0.00
B49,COLOR MASTERBATCH POLY[ETHYLENE-CO-(VINYL ACETATE)] + 45% YELLOW PIGMENT #4,89.96,7.84,3.57,82.29,0.95,0.00
B49,COLOR MASTERBATCH POLY[ETHYLENE-CO-(VINYL ACETATE)] + 45% YELLOW PIGMENT #4,90.79,7.06,5.04,82.29,0.95,0.00
B49,COLOR MASTERBATCH POLY[ETHYLENE-CO-(VINYL ACETATE)] + 45% YELLOW PIGMENT #4,87.60,5.04,5.04,82.29,0.95,0.00
B49,COLOR MASTERBATCH POLY[ETHYLENE-CO-(VINYL ACETATE)] + 45% YELLOW PIGMENT #4,91.46,6.05,5.04,79.56,0.95,0.00
B49,COLOR MASTERBATCH POLY[ETHYLENE-CO-(VINYL ACETATE)] + 45% YELLOW PIGMENT #4,88.60,7.46,4.64,76.86,0.95,0.00
B49,COLOR MASTERBATCH POLY[ETHYLENE-CO-(VINYL ACETATE)] + 45% YELLOW PIGMENT #4,86.41,7.13,4.28,71.56,0.95,0.00
B49,COLOR MASTERBATCH POLY[ETHYLENE-CO-(VINYL ACETATE)] + 45% YELLOW PIGMENT #4,79.17,4.99,4.99,68.96,0.95,0.00
B49,COLOR MASTERBATCH POLY[ETHYLENE-CO-(VINYL ACETATE)] + 45% YELLOW PIGMENT #4,85.50,6.05,5.04,66.39,0.95,0.00
B49,COLOR MASTERBATCH POLY[ETHYLENE-CO-(VINYL ACETATE)] + 45% YELLOW PIGMENT #4,82.33,7.06,4.03,66.39,0.95,0.00
B49,COLOR MASTERBATCH POLY[ETHYLENE-CO-(VINYL ACETATE)] + 45% YELLOW PIGMENT #4,87.54,8.07,4.03,63.86,0.95,0.00
B49,COLOR MASTERBATCH POLY[ETHYLENE-CO-(VINYL ACETATE)] + 45% YELLOW PIGMENT #4,88.95,6.71,4.47,63.86,0.95,0.00
B49,COLOR MASTERBATCH POLY[ETHYLENE-CO-(VINYL ACETATE)] + 45% YELLOW PIGMENT #4,93.35,6.92,4.35,63.86,0.95,0.00
B49,COLOR MASTERBATCH POLY[ETHYLENE-CO-(VINYL ACETATE)] + 45% YELLOW PIGMENT #4,89.88,6.15,4.75,61.35,0.95,0.00
B49,COLOR MASTERBATCH POLY[ETHYLENE-CO-(VINYL ACETATE)] + 45% YELLOW PIGMENT #4,92.52,6.43,4.75,54.04,0.95,0.00
B49,COLOR MASTERBATCH POLY[ETHYLENE-CO-(VINYL ACETATE)] + 45% YELLOW PIGMENT #4,87.46,6.05,4.03,54.04,0.95,0.00
B49,COLOR MASTERBATCH POLY[ETHYLENE-CO-(VINYL ACETATE)] + 45% YELLOW PIGMENT #4,88.83,6.05,3.03,51.68,0.95,0.00
B49,COLOR MASTERBATCH POLY[ETHYLENE-CO-(VINYL ACETATE)] + 45% YELLOW PIGMENT #4,93.54,7.12,3.76,47.05,0.95,0.00
B49,COLOR MASTERBATCH POLY[ETHYLENE-CO-(VINYL ACETATE)] + 45% YELLOW PIGMENT #4,78.13,6.05,3.03,47.05,0.95,0.00
B49,COLOR MASTERBATCH POLY[ETHYLENE-CO-(VINYL ACETATE)] + 45% YELLOW PIGMENT #4,90.48,6.76,3.16,44.79,0.95,0.00
B49,COLOR MASTERBATCH POLY[ETHYLENE-CO-(VINYL ACETATE)] + 45% YELLOW PIGMENT #4,89.47,4.99,3.57,44.79,0.95,0.00
B49,COLOR MASTERBATCH POLY[ETHYLENE-CO-(VINYL ACETATE)] + 45% YELLOW PIGMENT #4,93.40,5.04,4.03,42.57,0.95,0.00
B49,COLOR MASTERBATCH POLY[ETHYLENE-CO-(VINYL ACETATE)] + 45% YELLOW PIGMENT #4,93.79,5.86,3.61,42.57,0.95,0.00
B49,COLOR MASTERBATCH POLY[ETHYLENE-CO-(VINYL ACETATE)] + 45% YELLOW PIGMENT #4,92.45,5.59,4.20,42.57,0.95,0.00
B49,COLOR MASTERBATCH POLY[ETHYLENE-CO-(VINYL ACETATE)] + 45% YELLOW PIGMENT #4,92.81,6.06,3.83,42.57,0.95,0.00
B49,COLOR MASTERBATCH POLY[ETHYLENE-CO-(VINYL ACETATE)] + 45% YELLOW PIGMENT #4,87.84,6.05,4.03,42.57,0.95,0.00
B49,COLOR MASTERBATCH POLY[ETHYLENE-CO-(VINYL ACETATE)] + 45% YELLOW PIGMENT #4,92.69,5.04,4.03,42.57,0.95,0.00
B49,COLOR MASTERBATCH POLY[ETHYLENE-CO-(VINYL ACETATE)] + 45% YELLOW PIGMENT #4,93.13,5.04,4.03,40.39,0.95,0.00
B49,COLOR MASTERBATCH POLY[ETHYLENE-CO-(VINYL ACETATE)] + 45% YELLOW PIGMENT #4,86.59,7.06,5.04,40.39,0.95,0.00
B49,COLOR MASTERBATCH POLY[ETHYLENE-CO-(VINYL ACETATE)] + 45% YELLOW PIGMENT #4,75.84,4.28,3.57,38.24,0.95,0.00
B49,COLOR MASTERBATCH POLY[ETHYLENE-CO-(VINYL ACETATE)] + 45% YELLOW PIGMENT #4,90.94,4.51,4.51,38.24,0.95,0.00
B49,COLOR MASTERBATCH POLY[ETHYLENE-CO-(VINYL ACETATE)] + 45% YELLOW PIGMENT #4,92.26,5.24,4.03,38.24,0.95,0.00
B49,COLOR MASTERBATCH POLY[ETHYLENE-CO-(VINYL ACETATE)] + 45% YELLOW PIGMENT #4,77.31,6.05,3.03,38.24,0.95,0.00
B49,COLOR MASTERBATCH POLY[ETHYLENE-CO-(VINYL ACETATE)] + 45% YELLOW PIGMENT #4,91.96,4.03,4.03,38.24,0.95,0.00
B49,COLOR MASTERBATCH POLY[ETHYLENE-CO-(VINYL ACETATE)] + 45% YELLOW PIGMENT #4,87.79,5.04,3.03,38.24,0.95,0.00
B49,COLOR MASTERBATCH POLY[ETHYLENE-CO-(VINYL ACETATE)] + 45% YELLOW PIGMENT #4,91.84,5.04,3.03,38.24,0.95,0.00
B49,COLOR MASTERBATCH POLY[ETHYLENE-CO-(VINYL ACETATE)] + 45% YELLOW PIGMENT #4,90.62,7.83,3.36,36.14,0.95,0.00
B49,COLOR MASTERBATCH POLY[ETHYLENE-CO-(VINYL ACETATE)] + 45% YELLOW PIGMENT #4,91.61,4.99,3.57,36.14,0.95,0.00
B49,COLOR MASTERBATCH POLY[ETHYLENE-CO-(VINYL ACETATE)] + 45% YELLOW PIGMENT #4,93.53,4.99,3.57,36.14,0.95,0.00
B49,COLOR MASTERBATCH POLY[ETHYLENE-CO-(VINYL ACETATE)] + 45% YELLOW PIGMENT #4,83.13,4.28,4.28,36.14,0.95,0.00
B49,COLOR MASTERBATCH POLY[ETHYLENE-CO-(VINYL ACETATE)] + 45% YELLOW PIGMENT #4,92.23,4.03,4.03,36.14,0.95,0.00
B49,COLOR MASTERBATCH POLY[ETHYLENE-CO-(VINYL ACETATE)] + 45% YELLOW PIGMENT #4,85.41,5.04,4.03,36.14,0.95,0.00
B49,COLOR MASTERBATCH POLY[ETHYLENE-CO-(VINYL ACETATE)] + 45% YELLOW PIGMENT #4,89.81,5.04,3.03,34.08,0.95,0.00
B49,COLOR MASTERBATCH POLY[ETHYLENE-CO-(VINYL ACETATE)] + 45% YELLOW PIGMENT #4,92.49,4.47,4.47,34.08,0.95,0.00
B49,COLOR MASTERBATCH POLY[ETHYLENE-CO-(VINYL ACETATE)] + 45% YELLOW PIGMENT #4,92.71,4.28,3.57,34.08,0.95,0.00
B49,COLOR MASTERBATCH POLY[ETHYLENE-CO-(VINYL ACETATE)] + 45% YELLOW PIGMENT #4,94.17,4.28,3.57,34.08,0.95,0.00
B49,COLOR MASTERBATCH POLY[ETHYLENE-CO-(VINYL ACETATE)] + 45% YELLOW PIGMENT #4,86.40,4.28,3.57,30.07,0.95,0.00
B49,COLOR MASTERBATCH POLY[ETHYLENE-CO-(VINYL ACETATE)] + 45% YELLOW PIGMENT #4,79.49,4.03,3.03,30.07,0.95,0.00
B49,COLOR MASTERBATCH POLY[ETHYLENE-CO-(VINYL ACETATE)] + 45% YELLOW PIGMENT #4,91.38,4.28,3.57,30.07,0.95,0.00
B49,COLOR MASTERBATCH POLY[ETHYLENE-CO-(VINYL ACETATE)] + 45% YELLOW PIGMENT #4,81.77,5.04,3.03,28.13,0.95,0.00
B49,COLOR MASTERBATCH POLY[ETHYLENE-CO-(VINYL ACETATE)] + 45% YELLOW PIGMENT #4,87.71,7.46,4.03,28.13,0.95,0.00
B49,COLOR MASTERBATCH POLY[ETHYLENE-CO-(VINYL ACETATE)] + 45% YELLOW PIGMENT #4,93.46,5.04,3.03,28.13,0.95,0.00
B49,COLOR MASTERBATCH POLY[ETHYLENE-CO-(VINYL ACETATE)] + 45% YELLOW PIGMENT #4,85.30,8.29,2.82,28.13,0.95,0.00
B49,COLOR MASTERBATCH POLY[ETHYLENE-CO-(VINYL ACETATE)] + 45% YELLOW PIGMENT #4,92.65,4.06,3.61,28.13,0.95,0.00
B49,COLOR MASTERBATCH POLY[ETHYLENE-CO-(VINYL ACETATE)] + 45% YELLOW PIGMENT #4,92.41,5.04,3.03,28.13,0.95,0.00
B49,COLOR MASTERBATCH POLY[ETHYLENE-CO-(VINYL ACETATE)] + 45% YELLOW PIGMENT #4,95.17,5.04,3.03,28.13,0.95,0.00
B49,COLOR MASTERBATCH POLY[ETHYLENE-CO-(VINYL ACETATE)] + 45% YELLOW PIGMENT #4,87.98,4.03,3.03,26.23,0.95,0.00
B49,COLOR MASTERBATCH POLY[ETHYLENE-CO-(VINYL ACETATE)] + 45% YELLOW PIGMENT #4,90.18,4.28,3.57,26.23,0.95,0.00
B49,COLOR MASTERBATCH POLY[ETHYLENE-CO-(VINYL ACETATE)] + 45% YELLOW PIGMENT #4,92.94,4.03,3.03,24.38,0.95,0.00
B49,COLOR MASTERBATCH POLY[ETHYLENE-CO-(VINYL ACETATE)] + 45% YELLOW PIGMENT #4,77.96,5.45,2.82,24.38,0.95,0.00
B49,COLOR MASTERBATCH POLY[ETHYLENE-CO-(VINYL ACETATE)] + 45% YELLOW PIGMENT #4,91.93,5.04,3.03,24.38,0.95,0.00
B49,COLOR MASTERBATCH POLY[ETHYLENE-CO-(VINYL ACETATE)] + 45% YELLOW PIGMENT #4,88.88,3.57,3.57,24.38,0.95,0.00
B49,COLOR MASTERBATCH POLY[ETHYLENE-CO-(VINYL ACETATE)] + 45% YELLOW PIGMENT #4,91.19,4.03,3.03,24.38,0.95,0.00
B49,COLOR MASTERBATCH POLY[ETHYLENE-CO-(VINYL ACETATE)] + 45% YELLOW PIGMENT #4,88.56,4.03,3.03,22.58,0.95,0.00
B49,COLOR MASTERBATCH POLY[ETHYLENE-CO-(VINYL ACETATE)] + 45% YELLOW PIGMENT #4,80.31,4.99,2.85,22.58,0.95,0.00
B49,COLOR MASTERBATCH POLY[ETHYLENE-CO-(VINYL ACETATE)] + 45% YELLOW PIGMENT #4,85.18,4.03,3.03,22.58,0.95,0.00
B49,COLOR MASTERBATCH POLY[ETHYLENE-CO-(VINYL ACETATE)] + 45% YELLOW PIGMENT #4,92.08,5.31,3.36,22.58,0.95,0.00
B49,COLOR MASTERBATCH POLY[ETHYLENE-CO-(VINYL ACETATE)] + 45% YELLOW PIGMENT #4,80.20,4.06,3.16,22.58,0.95,0.00
B49,COLOR MASTERBATCH POLY[ETHYLENE-CO-(VINYL ACETATE)] + 45% YELLOW PIGMENT #4,90.99,4.15,3.51,22.58,0.95,0.00
B49,COLOR MASTERBATCH POLY[ETHYLENE-CO-(VINYL ACETATE)] + 45% YELLOW PIGMENT #4,86.93,4.03,3.03,20.82,0.95,0.00
B49,COLOR MASTERBATCH POLY[ETHYLENE-CO-(VINYL ACETATE)] + 45% YELLOW PIGMENT #4,85.78,4.28,2.85,20.82,0.95,0.00
B49,COLOR MASTERBATCH POLY[ETHYLENE-CO-(VINYL ACETATE)] + 45% YELLOW PIGMENT #4,93.22,4.28,2.85,20.82,0.95,0.00
B49,COLOR MASTERBATCH POLY[ETHYLENE-CO-(VINYL ACETATE)] + 45% YELLOW PIGMENT #4,93.00,4.03,3.03,20.82,0.95,0.00
B49,COLOR MASTERBATCH POLY[ETHYLENE-CO-(VINYL ACETATE)] + 45% YELLOW PIGMENT #4,79.12,4.03,3.03,20.82,0.95,0.00
B49,COLOR MASTERBATCH POLY[ETHYLENE-CO-(VINYL ACETATE)] + 45% YELLOW PIGMENT #4,91.40,3.03,3.03,19.11,0.95,0.00
B49,COLOR MASTERBATCH POLY[ETHYLENE-CO-(VINYL ACETATE)] + 45% YELLOW PIGMENT #4,93.83,4.03,3.03,19.11,0.95,0.00
B49,COLOR MASTERBATCH POLY[ETHYLENE-CO-(VINYL ACETATE)] + 45% YELLOW PIGMENT #4,82.37,4.03,3.03,19.11,0.95,0.00
B49,COLOR MASTERBATCH POLY[ETHYLENE-CO-(VINYL ACETATE)] + 45% YELLOW PIGMENT #4,80.89,4.03,3.03,19.11,0.95,0.00
B49,COLOR MASTERBATCH POLY[ETHYLENE-CO-(VINYL ACETATE)] + 45% YELLOW PIGMENT #4,89.53,4.03,3.03,19.11,0.95,0.00
B49,COLOR MASTERBATCH POLY[ETHYLENE-CO-(VINYL ACETATE)] + 45% YELLOW PIGMENT #4,86.38,3.03,3.03,17.45,0.95,0.00
B49,COLOR MASTERBATCH POLY[ETHYLENE-CO-(VINYL ACETATE)] + 45% YELLOW PIGMENT #4,87.17,5.04,3.03,17.45,0.95,0.00
B49,COLOR MASTERBATCH POLY[ETHYLENE-CO-(VINYL ACETATE)] + 45% YELLOW PIGMENT #4,92.33,4.51,2.71,15.84,0.95,0.00
B49,COLOR MASTERBATCH POLY[ETHYLENE-CO-(VINYL ACETATE)] + 45% YELLOW PIGMENT #4,86.62,3.03,3.03,15.84,0.95,0.00
B49,COLOR MASTERBATCH POLY[ETHYLENE-CO-(VINYL ACETATE)] + 45% YELLOW PIGMENT #4,90.31,4.03,3.03,15.84,0.95,0.00
B49,COLOR MASTERBATCH POLY[ETHYLENE-CO-(VINYL ACETATE)] + 45% YELLOW PIGMENT #4,89.48,4.03,3.03,15.84,0.95,0.00
B49,COLOR MASTERBATCH POLY[ETHYLENE-CO-(VINYL ACETATE)] + 45% YELLOW PIGMENT #4,95.43,2.85,2.85,14.28,0.95,0.00
B49,COLOR MASTERBATCH POLY[ETHYLENE-CO-(VINYL ACETATE)] + 45% YELLOW PIGMENT #4,90.03,3.03,3.03,14.28,0.95,0.00
B49,COLOR MASTERBATCH POLY[ETHYLENE-CO-(VINYL ACETATE)] + 45% YELLOW PIGMENT #4,91.23,3.92,2.80,14.28,0.95,0.00
B49,COLOR MASTERBATCH POLY[ETHYLENE-CO-(VINYL ACETATE)] + 45% YELLOW PIGMENT #4,81.55,3.03,3.03,14.28,0.95,0.00
B49,COLOR MASTERBATCH POLY[ETHYLENE-CO-(VINYL ACETATE)] + 45% YELLOW PIGMENT #4,92.68,3.83,3.19,14.28,0.95,0.00
B49,COLOR MASTERBATCH POLY[ETHYLENE-CO-(VINYL ACETATE)] + 45% YELLOW PIGMENT #4,83.44,4.15,2.55,14.28,0.95,0.00
B49,COLOR MASTERBATCH POLY[ETHYLENE-CO-(VINYL ACETATE)] + 45% YELLOW PIGMENT #4,88.99,3.03,3.03,12.78,0.95,0.00
B49,COLOR MASTERBATCH POLY[ETHYLENE-CO-(VINYL ACETATE)] + 45% YELLOW PIGMENT #4,93.04,5.10,2.55,12.78,0.95,0.00
B49,COLOR MASTERBATCH POLY[ETHYLENE-CO-(VINYL ACETATE)] + 45% YELLOW PIGMENT #4,90.60,4.99,2.14,12.78,0.95,0.00
B49,COLOR MASTERBATCH POLY[ETHYLENE-CO-(VINYL ACETATE)] + 45% YELLOW PIGMENT #4,89.53,3.03,3.03,12.78,0.95,0.00
B49,COLOR MASTERBATCH POLY[ETHYLENE-CO-(VINYL ACETATE)] + 45% YELLOW PIGMENT #4,75.77,6.05,4.03,12.78,0.95,0.00
B49,COLOR MASTERBATCH POLY[ETHYLENE-CO-(VINYL ACETATE)] + 45% YELLOW PIGMENT #4,92.33,4.28,2.14,12.78,0.95,0.00
B49,COLOR MASTERBATCH POLY[ETHYLENE-CO-(VINYL ACETATE)] + 45% YELLOW PIGMENT #4,91.56,3.03,3.03,12.78,0.95,0.00
B49,COLOR MASTERBATCH POLY[ETHYLENE-CO-(VINYL ACETATE)] + 45% YELLOW PIGMENT #4,93.54,3.03,3.03,12.78,0.95,0.00
B49,COLOR MASTERBATCH POLY[ETHYLENE-CO-(VINYL ACETATE)] + 45% YELLOW PIGMENT #4,92.80,5.10,2.55,12.78,0.95,0.00
B49,COLOR MASTERBATCH POLY[ETHYLENE-CO-(VINYL ACETATE)] + 45% YELLOW PIGMENT #4,92.13,3.03,3.03,12.78,0.95,0.00
B49,COLOR MASTERBATCH POLY[ETHYLENE-CO-(VINYL ACETATE)] + 45% YELLOW PIGMENT #4,85.02,3.03,3.03,12.78,0.95,0.00
B49,COLOR MASTERBATCH POLY[ETHYLENE-CO-(VINYL ACETATE)] + 45% YELLOW PIGMENT #4,85.78,2.85,2.85,11.33,0.95,0.00
B49,COLOR MASTERBATCH POLY[ETHYLENE-CO-(VINYL ACETATE)] + 45% YELLOW PIGMENT #4,90.97,3.03,3.03,11.33,0.95,0.00
B49,COLOR MASTERBATCH POLY[ETHYLENE-CO-(VINYL ACETATE)] + 45% YELLOW PIGMENT #4,92.24,2.85,2.85,11.33,0.95,0.00
B49,COLOR MASTERBATCH POLY[ETHYLENE-CO-(VINYL ACETATE)] + 45% YELLOW PIGMENT #4,90.96,3.03,3.03,11.33,0.95,0.00
B49,COLOR MASTERBATCH POLY[ETHYLENE-CO-(VINYL ACETATE)] + 45% YELLOW PIGMENT #4,89.39,7.13,2.85,11.33,0.95,0.00
B49,COLOR MASTERBATCH POLY[ETHYLENE-CO-(VINYL ACETATE)] + 45% YELLOW PIGMENT #4,81.43,3.57,2.14,11.33,0.95,0.00
B49,COLOR MASTERBATCH POLY[ETHYLENE-CO-(VINYL ACETATE)] + 45% YELLOW PIGMENT #4,86.71,2.85,2.85,11.33,0.95,0.00
B49,COLOR MASTERBATCH POLY[ETHYLENE-CO-(VINYL ACETATE)] + 45% YELLOW PIGMENT #4,90.36,5.04,3.03,11.33,0.95,0.00
B49,COLOR MASTERBATCH POLY[ETHYLENE-CO-(VINYL ACETATE)] + 45% YELLOW PIGMENT #4,92.42,4.99,2.14,11.33,0.95,0.00
B49,COLOR MASTERBATCH POLY[ETHYLENE-CO-(VINYL ACETATE)] + 45% YELLOW PIGMENT #4,94.62,3.57,2.14,11.33,0.95,0.00
B49,COLOR MASTERBATCH POLY[ETHYLENE-CO-(VINYL ACETATE)] + 45% YELLOW PIGMENT #4,86.56,3.16,2.26,8.62,0.95,0.00
B49,COLOR MASTERBATCH POLY[ETHYLENE-CO-(VINYL ACETATE)] + 45% YELLOW PIGMENT #4,85.38,3.57,2.14,8.62,0.95,0.00
B49,COLOR MASTERBATCH POLYETHYLENE + 75% WHITE PIGMENT,77.33,5.04,4.03,47.05,0.95,0.00
B49,COLOR MASTERBATCH POLYPROPYLENE + 70% WHITE PIGMENT,82.94,5.04,4.03,44.79,2.00,0.00
B49,DAPLEN KSR 4525,90.37,6.76,4.51,74.20,0.91,0.00
B49,HYPROMELLOSE (4000),84.05,9.54,4.40,40.39,1.39,0.00
B49,"LEVAFLEX EP-390, POLYPROPYLENE BASED",77.96,9.27,8.56,293.30,1.00,0.00
B49,"NYLON 6,6",97.04,11.09,7.06,276.70,1.08,0.00
B49,"NYLON 6,6",99.01,11.09,6.05,268.52,1.08,0.00
B49,"NYLON 6,6",95.67,12.63,5.41,244.48,1.08,0.00
B49,"NYLON 6,6",96.05,11.00,6.36,236.64,1.08,0.00
B49,"NYLON 6,6",95.69,10.59,8.00,209.87,1.08,0.00
B49,"NYLON 6,6",94.66,9.07,5.04,129.87,1.08,0.00
B49,"NYLON 6,6",96.57,9.27,4.99,96.38,1.08,0.00
B49,"NYLON 6,6",95.72,4.99,4.99,68.96,1.08,0.00
B49,"NYLON 6,6",94.40,5.41,3.16,22.58,1.08,0.00
B49,"NYLON 6,6",89.64,5.04,3.03,22.58,1.08,0.00
B49,"NYLON 6,6",95.50,3.03,3.03,12.78,1.08,0.00
B49,"NYLON 6,9",75.70,8.95,5.87,47.05,1.08,0.00
B49,OLEFIN FILM,92.62,7.62,7.48,28.13,0.93,0.00
B49,Poly(butylene terephthalate),88.61,9.88,3.83,24.38,1.30,0.00
B49,POLY[(ACRYLIC ACID):(BUTYL ACRYLATE):(METHACRYL AMIDE):STYRENE],88.97,4.99,4.99,44.79,1.13,0.00
B49,POLYACETAL,96.48,12.14,6.62,42.57,1.41,0.00
B49,POLYALKYLBENZENE,83.02,4.99,4.99,63.86,0.85,0.00
B49,POLYALKYLBENZENE,89.68,4.03,3.03,8.62,0.85,0.00
B49,Polyamide 2. White Pellet,98.12,41.51,30.24,19496.12,1.30,0.03
B49,Polyamide 2. White Pellet,97.65,33.53,23.65,8146.29,1.30,0.01
B49,Polyamide 2. White Pellet,85.69,27.81,14.26,2938.67,1.30,0.00
B49,Polyamide 2. White Pellet,97.55,25.48,14.33,2893.62,1.30,0.00
B49,Polyamide 2. White Pellet,96.39,25.11,17.26,2822.02,1.30,0.00
B49,Polyamide 2. White Pellet,98.31,19.39,17.13,2619.56,1.30,0.00
B49,Polyamide 2. White Pellet,98.09,32.25,11.05,2567.57,1.30,0.00
B49,Polyamide 2. White Pellet,97.81,35.66,15.11,2490.25,1.30,0.00
B49,Polyamide 2. White Pellet,96.99,20.11,17.77,2447.63,1.30,0.00
B49,Polyamide 2. White Pellet,96.56,17.79,16.85,1995.41,1.30,0.00
B49,Polyamide 2. White Pellet,93.99,25.21,11.09,1900.90,1.30,0.00
B49,Polyamide 2. White Pellet,98.00,24.60,13.91,1792.59,1.30,0.00
B49,Polyamide 2. White Pellet,97.39,22.38,12.27,1701.45,1.30,0.00
B49,Polyamide 2. White Pellet,95.36,19.99,13.33,1678.92,1.30,0.00
B49,Polyamide 2. White Pellet,98.52,17.62,13.70,1634.15,1.30,0.00
B49,Polyamide 2. White Pellet,97.65,21.10,12.41,1619.31,1.30,0.00
B49,Polyamide 2. White Pellet,98.20,25.05,11.80,1402.31,1.30,0.00
B49,Polyamide 2. White Pellet,97.23,16.21,14.04,1318.47,1.30,0.00
B49,Polyamide 2. White Pellet,97.31,27.22,10.08,1195.98,1.30,0.00
B49,Polyamide 2. White Pellet,96.69,16.50,12.30,1182.61,1.30,0.00
B49,Polyamide 2. White Pellet,98.60,15.88,14.63,1149.43,1.30,0.00
B49,Polyamide 2. White Pellet,98.07,23.62,9.20,1136.24,1.30,0.00
B49,Polyamide 2. White Pellet,97.86,24.80,15.33,1096.99,1.30,0.00
B49,Polyamide 2. White Pellet,97.57,14.97,12.12,1090.49,1.30,0.00
B49,Polyamide 2. White Pellet,98.29,14.26,12.12,1045.37,1.30,0.00
B49,Polyamide 2. White Pellet,97.81,13.71,12.44,1045.37,1.30,0.00
B49,Polyamide 2. White Pellet,97.72,26.51,8.41,1019.87,1.30,0.00
B49,Polyamide 2. White Pellet,93.63,14.61,13.44,988.30,1.30,0.00
B49,Polyamide 2. White Pellet,95.67,19.70,10.72,988.30,1.30,0.00
B49,Polyamide 2. White Pellet,97.64,16.78,13.98,975.76,1.30,0.00
B49,Polyamide 2. White Pellet,97.88,13.11,12.10,969.51,1.30,0.00
B49,Polyamide 2. White Pellet,97.75,17.82,9.98,889.52,1.30,0.00
B49,Polyamide 2. White Pellet,98.33,15.90,9.78,847.40,1.30,0.00
B49,Polyamide 2. White Pellet,96.35,13.83,10.89,823.64,1.30,0.00
B49,Polyamide 2. White Pellet,98.50,16.80,15.15,788.43,1.30,0.00
B49,Polyamide 2. White Pellet,98.19,15.12,11.40,759.48,1.30,0.00
B49,Polyamide 2. White Pellet,97.96,17.11,9.27,742.29,1.30,0.00
B49,Polyamide 2. White Pellet,98.04,13.11,11.09,725.22,1.30,0.00
B49,Polyamide 2. White Pellet,97.27,15.69,9.27,713.92,1.30,0.00
B49,Polyamide 2. White Pellet,98.31,11.09,11.09,708.29,1.30,0.00
B49,Polyamide 2. White Pellet,97.89,12.10,10.08,708.29,1.30,0.00
B49,Polyamide 2. White Pellet,96.79,12.10,10.08,697.08,1.30,0.00
B49,Polyamide 2. White Pellet,93.03,19.96,9.27,641.92,1.30,0.00
B49,Polyamide 2. White Pellet,98.31,12.91,9.07,620.28,1.30,0.00
B49,Polyamide 2. White Pellet,97.75,14.04,9.17,609.56,1.30,0.00
B49,Polyamide 2. White Pellet,96.01,13.34,9.09,593.59,1.30,0.00
B49,Polyamide 2. White Pellet,91.04,12.83,9.27,588.30,1.30,0.00
B49,Polyamide 2. White Pellet,96.64,17.16,7.57,572.51,1.30,0.00
B49,Polyamide 2. White Pellet,98.43,14.44,8.50,556.88,1.30,0.00
B49,Polyamide 2. White Pellet,98.52,14.35,7.65,536.25,1.30,0.00
B49,Polyamide 2. White Pellet,94.45,13.55,8.56,526.04,1.30,0.00
B49,Polyamide 2. White Pellet,94.43,16.14,9.05,510.84,1.30,0.00
B49,Polyamide 2. White Pellet,96.87,14.01,8.03,505.81,1.30,0.00
B49,Polyamide 2. White Pellet,95.79,15.39,9.86,471.05,1.30,0.00
B49,Polyamide 2. White Pellet,98.14,16.13,9.07,471.05,1.30,0.00
B49,Polyamide 2. White Pellet,97.49,10.69,10.69,471.05,1.30,0.00
B49,Polyamide 2. White Pellet,97.42,15.82,8.23,456.40,1.30,0.00
B49,Polyamide 2. White Pellet,96.14,11.09,10.08,456.40,1.30,0.00
B49,Polyamide 2. White Pellet,98.83,10.03,9.54,451.56,1.30,0.00
B49,Polyamide 2. White Pellet,98.44,11.74,8.31,437.12,1.30,0.00
B49,Polyamide 2. White Pellet,97.93,11.48,7.97,437.12,1.30,0.00
B49,Polyamide 2. White Pellet,97.43,12.91,9.30,432.34,1.30,0.00
B49,Polyamide 2. White Pellet,97.92,11.88,8.11,427.58,1.30,0.00
B49,Polyamide 2. White Pellet,94.19,12.06,7.91,422.84,1.30,0.00
B49,Polyamide 2. White Pellet,98.34,14.99,6.70,418.12,1.30,0.00
B49,Polyamide 2. White Pellet,98.52,14.06,7.96,418.12,1.30,0.00
B49,Polyamide 2. White Pellet,98.05,15.69,7.84,399.40,1.30,0.00
B49,Polyamide 2. White Pellet,97.28,21.52,4.89,362.83,1.30,0.00
B49,Polyamide 2. White Pellet,98.25,12.75,8.14,353.87,1.30,0.00
B49,Polyamide 2. White Pellet,98.58,10.08,8.07,349.42,1.30,0.00
B49,Polyamide 2. White Pellet,98.10,23.40,8.90,331.80,1.30,0.00
B49,Polyamide 2. White Pellet,97.73,10.37,8.12,323.11,1.30,0.00
B49,Polyamide 2. White Pellet,97.82,15.12,5.04,318.79,1.30,0.00
B49,Polyamide 2. White Pellet,98.31,9.07,9.07,314.49,1.30,0.00
B49,Polyamide 2. White Pellet,98.24,10.08,7.06,310.21,1.30,0.00
B49,Polyamide 2. White Pellet,98.09,14.12,7.06,305.95,1.30,0.00
B49,Polyamide 2. White Pellet,98.65,12.08,8.80,293.30,1.30,0.00
B49,Polyamide 2. White Pellet,98.51,9.07,8.07,293.30,1.30,0.00
B49,Polyamide 2. White Pellet,97.65,9.07,8.07,289.12,1.30,0.00
B49,Polyamide 2. White Pellet,96.95,15.66,13.31,264.46,1.30,0.00
B49,Polyamide 2. White Pellet,97.79,16.48,6.23,252.41,1.30,0.00
B49,Polyamide 2. White Pellet,98.14,8.12,7.67,232.75,1.30,0.00
B49,Polyamide 2. White Pellet,98.30,9.02,6.31,187.79,1.30,0.00
B49,Polyamide 2. White Pellet,97.67,9.88,5.74,177.06,1.30,0.00
B49,Polyamide 2. White Pellet,97.81,13.11,7.06,159.65,1.30,0.00
B49,Polyamide 2. White Pellet,97.88,12.90,7.55,156.24,1.30,0.00
B49,Polyamide 2. White Pellet,98.23,9.27,6.42,152.86,1.30,0.00
B49,Polyamide 2. White Pellet,97.39,11.76,4.50,152.86,1.30,0.00
B49,Polyamide 2. White Pellet,98.05,7.21,6.76,149.50,1.30,0.00
B49,Polyamide 2. White Pellet,98.62,8.56,6.42,149.50,1.30,0.00
B49,Polyamide 2. White Pellet,98.34,8.07,7.06,149.50,1.30,0.00
B49,Polyamide 2. White Pellet,97.92,10.69,8.56,149.50,1.30,0.00
B49,Polyamide 2. White Pellet,97.22,15.82,4.55,146.16,1.30,0.00
B49,Polyamide 2. White Pellet,98.57,10.08,7.06,146.16,1.30,0.00
B49,Polyamide 2. White Pellet,98.41,12.10,9.07,142.85,1.30,0.00
B49,Polyamide 2. White Pellet,98.14,9.07,5.04,139.57,1.30,0.00
B49,Polyamide 2. White Pellet,98.23,15.65,8.50,139.57,1.30,0.00
B49,Polyamide 2. White Pellet,97.46,11.09,4.03,136.31,1.30,0.00
B49,Polyamide 2. White Pellet,96.72,10.08,6.05,129.87,1.30,0.00
B49,Polyamide 2. White Pellet,97.69,8.29,5.10,123.54,1.30,0.00
B49,Polyamide 2. White Pellet,98.21,7.30,6.18,120.41,1.30,0.00
B49,Polyamide 2. White Pellet,97.83,8.98,5.67,114.24,1.30,0.00
B49,Polyamide 2. White Pellet,97.70,7.06,6.05,108.17,1.30,0.00
B49,Polyamide 2. White Pellet,97.35,10.06,4.24,105.18,1.30,0.00
B49,Polyamide 2. White Pellet,95.59,6.76,5.86,105.18,1.30,0.00
B49,Polyamide 2. White Pellet,98.66,8.07,5.04,102.22,1.30,0.00
B49,Polyamide 2. White Pellet,98.06,10.69,4.99,102.22,1.30,0.00
B49,Polyamide 2. White Pellet,94.58,14.59,5.58,96.38,1.30,0.00
B49,Polyamide 2. White Pellet,98.38,7.06,6.05,90.65,1.30,0.00
B49,Polyamide 2. White Pellet,97.68,7.84,4.99,87.84,1.30,0.00
B49,Polyamide 2. White Pellet,97.28,7.13,4.99,85.05,1.30,0.00
B49,Polyamide 2. White Pellet,94.69,6.43,5.03,85.05,1.30,0.00
B49,Polyamide 2. White Pellet,97.49,5.70,5.70,82.29,1.30,0.00
B49,Polyamide 2. White Pellet,97.77,6.05,5.04,82.29,1.30,0.00
B49,Polyamide 2. White Pellet,98.06,6.70,6.38,79.56,1.30,0.00
B49,Polyamide 2. White Pellet,89.89,7.06,4.03,79.56,1.30,0.00
B49,Polyamide 2. White Pellet,98.24,10.69,4.64,76.86,1.30,0.00
B49,Polyamide 2. White Pellet,98.56,6.99,4.20,71.56,1.30,0.00
B49,Polyamide 2. White Pellet,98.05,10.55,4.14,68.96,1.30,0.00
B49,Polyamide 2. White Pellet,95.73,11.09,5.04,66.39,1.30,0.00
B49,Polyamide 2. White Pellet,96.13,9.61,6.13,66.39,1.30,0.00
B49,Polyamide 2. White Pellet,98.65,13.11,4.31,66.39,1.30,0.00
B49,Polyamide 2. White Pellet,97.97,6.42,4.28,63.86,1.30,0.00
B49,Polyamide 2. White Pellet,98.56,5.04,5.04,61.35,1.30,0.00
B49,Polyamide 2. White Pellet,98.11,5.04,5.04,61.35,1.30,0.00
B49,Polyamide 2. White Pellet,98.23,7.06,4.03,61.35,1.30,0.00
B49,Polyamide 2. White Pellet,97.77,5.74,5.42,54.04,1.30,0.00
B49,Polyamide 2. White Pellet,97.99,7.26,4.15,54.04,1.30,0.00
B49,Polyamide 2. White Pellet,98.50,14.43,6.85,54.04,1.30,0.00
B49,Polyamide 2. White Pellet,98.89,7.26,4.64,54.04,1.30,0.00
B49,Polyamide 2. White Pellet,97.64,10.38,3.11,54.04,1.30,0.00
B49,Polyamide 2. White Pellet,97.03,6.05,6.05,54.04,1.30,0.00
B49,Polyamide 2. White Pellet,97.90,5.70,3.57,51.68,1.30,0.00
B49,Polyamide 2. White Pellet,97.17,5.04,4.03,51.68,1.30,0.00
B49,Polyamide 2. White Pellet,97.73,5.42,4.78,47.05,1.30,0.00
B49,Polyamide 2. White Pellet,97.50,5.04,4.03,44.79,1.30,0.00
B49,Polyamide 2. White Pellet,98.06,9.27,3.57,42.57,1.30,0.00
B49,Polyamide 2. White Pellet,98.36,10.08,4.03,42.57,1.30,0.00
B49,Polyamide 2. White Pellet,95.60,5.04,3.03,40.39,1.30,0.00
B49,Polyamide 2. White Pellet,91.04,6.60,3.42,38.24,1.30,0.00
B49,Polyamide 2. White Pellet,97.14,6.31,3.61,38.24,1.30,0.00
B49,Polyamide 2. White Pellet,84.61,10.76,5.13,36.14,1.30,0.00
B49,Polyamide 2. White Pellet,98.47,5.04,5.04,36.14,1.30,0.00
B49,Polyamide 2. White Pellet,98.28,7.12,3.96,34.08,1.30,0.00
B49,Polyamide 2. White Pellet,98.36,6.31,4.51,32.05,1.30,0.00
B49,Polyamide 2. White Pellet,97.92,10.08,2.37,32.05,1.30,0.00
B49,Polyamide 2. White Pellet,98.50,9.88,2.82,30.07,1.30,0.00
B49,Polyamide 2. White Pellet,96.65,5.04,4.03,30.07,1.30,0.00
B49,Polyamide 2. White Pellet,96.58,6.06,4.15,30.07,1.30,0.00
B49,Polyamide 2. White Pellet,95.07,7.34,2.69,28.13,1.30,0.00
B49,Polyamide 2. White Pellet,98.29,6.11,2.69,28.13,1.30,0.00
B49,Polyamide 2. White Pellet,98.07,5.04,3.03,26.23,1.30,0.00
B49,Polyamide 2. White Pellet,98.41,5.03,4.75,26.23,1.30,0.00
B49,Polyamide 2. White Pellet,94.86,6.36,2.69,26.23,1.30,0.00
B49,Polyamide 2. White Pellet,96.93,4.99,2.85,26.23,1.30,0.00
B49,Polyamide 2. White Pellet,98.16,5.74,3.51,24.38,1.30,0.00
B49,Polyamide 2. White Pellet,96.88,7.95,3.80,24.38,1.30,0.00
B49,Polyamide 2. White Pellet,97.48,4.15,3.83,24.38,1.30,0.00
B49,Polyamide 2. White Pellet,92.31,10.06,4.05,24.38,1.30,0.00
B49,Polyamide 2. White Pellet,95.91,4.03,3.03,24.38,1.30,0.00
B49,Polyamide 2. White Pellet,98.16,8.07,4.03,24.38,1.30,0.00
B49,Polyamide 2. White Pellet,97.06,4.28,3.57,22.58,1.30,0.00
B49,Polyamide 2. White Pellet,98.12,4.03,3.03,22.58,1.30,0.00
B49,Polyamide 2. White Pellet,98.10,4.28,3.57,22.58,1.30,0.00
B49,Polyamide 2. White Pellet,97.44,8.19,4.41,22.58,1.30,0.00
B49,Polyamide 2. White Pellet,94.19,6.70,2.23,20.82,1.30,0.00
B49,Polyamide 2. White Pellet,98.40,10.08,4.24,20.82,1.30,0.00
B49,Polyamide 2. White Pellet,98.45,6.76,3.61,20.82,1.30,0.00
B49,Polyamide 2. White Pellet,98.00,4.03,3.03,19.11,1.30,0.00
B49,Polyamide 2. White Pellet,97.71,6.43,2.52,19.11,1.30,0.00
B49,Polyamide 2. White Pellet,98.49,12.10,2.42,19.11,1.30,0.00
B49,Polyamide 2. White Pellet,97.98,5.04,3.03,17.45,1.30,0.00
B49,Polyamide 2. White Pellet,98.03,7.06,3.03,17.45,1.30,0.00
B49,Polyamide 2. White Pellet,98.27,5.41,4.06,15.84,1.30,0.00
B49,Polyamide 2. White Pellet,98.35,5.04,4.03,15.84,1.30,0.00
B49,Polyamide 2. White Pellet,97.89,7.26,3.23,15.84,1.30,0.00
B49,Polyamide 2. White Pellet,86.22,4.99,2.14,14.28,1.30,0.00
B49,Polyamide 2. White Pellet,98.65,5.85,2.62,12.78,1.30,0.00
B49,Polyamide 2. White Pellet,97.93,4.99,3.57,12.78,1.30,0.00
B49,Polyamide 2. White Pellet,92.75,5.87,1.96,12.78,1.30,0.00
B49,Polyamide 2. White Pellet,93.65,5.10,2.55,11.33,1.30,0.00
B49,Polyamide 2. White Pellet,95.96,4.03,3.03,11.33,1.30,0.00
B49,Polyamide 2. White Pellet,98.09,4.75,3.64,11.33,1.30,0.00
B49,Polyamide 2. White Pellet,95.59,4.28,2.14,9.95,1.30,0.00
B49,Polyester 2. Yellow Fiber,75.78,15.70,5.41,195.05,1.38,0.00
B49,Polyethylene 25. White Microbead,88.38,25.21,6.05,466.15,0.91,0.00
B49,Polyethylene 6. White Microsphere,90.75,18.70,15.42,2279.64,0.91,0.00
B49,Polyethylene 6. White Microsphere,76.71,16.40,9.27,531.14,0.91,0.00
B49,Polyethylene 6. White Microsphere,77.39,6.05,5.04,85.05,0.91,0.00
B49,Polyethylene 6. White Microsphere,76.28,6.72,5.93,76.86,0.91,0.00
B49,Polyethylene 6. White Microsphere,85.51,6.05,5.04,74.20,0.91,0.00
B49,Polyethylene 6. White Microsphere,83.65,12.10,5.04,63.86,0.91,0.00
B49,Polyethylene 6. White Microsphere,83.15,5.70,4.28,28.13,0.91,0.00
B49,Polyethylene 6. White Microsphere,86.54,4.28,2.85,15.84,0.91,0.00
B49,Polyethylene Vinyl Acetate 8. Green Flip Flop,77.22,7.67,5.41,99.28,0.91,0.00
B49,Polyethylene Vinyl Acetate 9. Pink Flip Flop,91.89,8.27,3.71,34.08,0.91,0.00
B49,POLYPOX R14,86.43,25.25,24.35,6412.61,1.13,0.01
B49,POLYPROPYLENE + YELLOW PIGMENT #2,84.57,21.55,12.44,1838.75,0.90,0.00
B49,POLYPROPYLENE + YELLOW PIGMENT #2,84.51,21.17,13.11,1611.91,0.90,0.00
B49,POLYPROPYLENE + YELLOW PIGMENT #2,86.33,22.10,11.41,1524.00,0.90,0.00
B49,POLYPROPYLENE + YELLOW PIGMENT #2,78.12,17.59,12.17,1502.29,0.90,0.00
B49,POLYPROPYLENE + YELLOW PIGMENT #2,85.32,24.70,13.21,1487.86,0.90,0.00
B49,POLYPROPYLENE + YELLOW PIGMENT #2,86.55,23.40,11.16,1388.22,0.90,0.00
B49,POLYPROPYLENE + YELLOW PIGMENT #2,88.11,14.97,13.55,1325.39,0.90,0.00
B49,POLYPROPYLENE + YELLOW PIGMENT #2,76.66,17.82,12.34,1318.47,0.90,0.00
B49,POLYPROPYLENE + YELLOW PIGMENT #2,90.05,24.86,12.27,1311.56,0.90,0.00
B49,POLYPROPYLENE + YELLOW PIGMENT #2,89.24,18.94,10.37,1256.72,0.90,0.00
B49,POLYPROPYLENE + YELLOW PIGMENT #2,88.40,22.11,11.60,1222.85,0.90,0.00
B49,POLYPROPYLENE + YELLOW PIGMENT #2,90.10,20.68,11.41,1222.85,0.90,0.00
B49,POLYPROPYLENE + YELLOW PIGMENT #2,85.32,14.26,13.14,1116.56,0.90,0.00
B49,POLYPROPYLENE + YELLOW PIGMENT #2,89.50,17.12,10.55,1116.56,0.90,0.00
B49,POLYPROPYLENE + YELLOW PIGMENT #2,91.14,23.53,11.41,1064.63,0.90,0.00
B49,POLYPROPYLENE + YELLOW PIGMENT #2,83.37,13.11,11.09,895.59,0.90,0.00
B49,POLYPROPYLENE + YELLOW PIGMENT #2,77.60,13.98,13.08,859.37,0.90,0.00
B49,POLYPROPYLENE + YELLOW PIGMENT #2,87.20,13.55,12.12,805.97,0.90,0.00
B49,POLYPROPYLENE + YELLOW PIGMENT #2,82.04,21.52,6.85,776.81,0.90,0.00
B49,POLYPROPYLENE + YELLOW PIGMENT #2,75.96,18.54,7.13,742.29,0.90,0.00
B49,POLYPROPYLENE + YELLOW PIGMENT #2,75.38,13.70,10.63,719.57,0.90,0.00
B49,POLYPROPYLENE + YELLOW PIGMENT #2,92.57,15.08,8.95,674.83,0.90,0.00
B49,POLYPROPYLENE + YELLOW PIGMENT #2,77.42,13.11,13.11,604.22,0.90,0.00
B49,POLYPROPYLENE + YELLOW PIGMENT #2,82.78,11.09,10.08,567.29,0.90,0.00
B49,POLYPROPYLENE + YELLOW PIGMENT #2,90.79,13.23,9.84,562.07,0.90,0.00
B49,POLYPROPYLENE + YELLOW PIGMENT #2,85.25,11.27,10.37,546.53,0.90,0.00
B49,POLYPROPYLENE + YELLOW PIGMENT #2,88.43,11.09,10.08,536.25,0.90,0.00
B49,POLYPROPYLENE + YELLOW PIGMENT #2,78.46,15.23,10.53,531.14,0.90,0.00
B49,POLYPROPYLENE + YELLOW PIGMENT #2,93.06,11.72,8.57,510.84,0.90,0.00
B49,POLYPROPYLENE + YELLOW PIGMENT #2,91.78,14.44,9.73,495.79,0.90,0.00
B49,POLYPROPYLENE + YELLOW PIGMENT #2,91.97,18.33,7.75,490.81,0.90,0.00
B49,POLYPROPYLENE + YELLOW PIGMENT #2,76.99,10.67,9.92,466.15,0.90,0.00
B49,POLYPROPYLENE + YELLOW PIGMENT #2,90.62,14.12,8.07,456.40,0.90,0.00
B49,POLYPROPYLENE + YELLOW PIGMENT #2,86.48,11.72,8.12,441.92,0.90,0.00
B49,POLYPROPYLENE + YELLOW PIGMENT #2,88.03,12.10,7.06,432.34,0.90,0.00
B49,POLYPROPYLENE + YELLOW PIGMENT #2,87.02,11.61,8.61,427.58,0.90,0.00
B49,POLYPROPYLENE + YELLOW PIGMENT #2,77.67,12.10,7.06,422.84,0.90,0.00
B49,POLYPROPYLENE + YELLOW PIGMENT #2,85.41,9.98,8.56,413.41,0.90,0.00
B49,POLYPROPYLENE + YELLOW PIGMENT #2,89.52,12.10,8.07,408.72,0.90,0.00
B49,POLYPROPYLENE + YELLOW PIGMENT #2,79.75,12.10,8.07,390.15,0.90,0.00
B49,POLYPROPYLENE + YELLOW PIGMENT #2,91.04,12.28,8.19,367.33,0.90,0.00
B49,POLYPROPYLENE + YELLOW PIGMENT #2,92.81,15.88,8.26,362.83,0.90,0.00
B49,POLYPROPYLENE + YELLOW PIGMENT #2,83.85,12.10,7.06,362.83,0.90,0.00
B49,POLYPROPYLENE + YELLOW PIGMENT #2,82.66,12.70,8.47,358.34,0.90,0.00
B49,POLYPROPYLENE + YELLOW PIGMENT #2,85.70,13.39,7.01,349.42,0.90,0.00
B49,POLYPROPYLENE + YELLOW PIGMENT #2,80.99,10.08,8.07,331.80,0.90,0.00
B49,POLYPROPYLENE + YELLOW PIGMENT #2,79.18,10.52,9.25,310.21,0.90,0.00
B49,POLYPROPYLENE + YELLOW PIGMENT #2,81.83,11.41,7.13,305.95,0.90,0.00
B49,POLYPROPYLENE + YELLOW PIGMENT #2,86.33,8.56,8.56,305.95,0.90,0.00
B49,POLYPROPYLENE + YELLOW PIGMENT #2,90.68,10.63,7.55,305.95,0.90,0.00
B49,POLYPROPYLENE + YELLOW PIGMENT #2,87.53,13.11,6.05,301.71,0.90,0.00
B49,POLYPROPYLENE + YELLOW PIGMENT #2,80.99,15.12,9.07,297.50,0.90,0.00
B49,POLYPROPYLENE + YELLOW PIGMENT #2,77.76,11.09,7.06,293.30,0.90,0.00
B49,POLYPROPYLENE + YELLOW PIGMENT #2,83.77,12.83,7.13,289.12,0.90,0.00
B49,POLYPROPYLENE + YELLOW PIGMENT #2,93.42,9.27,9.27,284.96,0.90,0.00
B49,POLYPROPYLENE + YELLOW PIGMENT #2,87.07,9.98,7.13,280.82,0.90,0.00
B49,POLYPROPYLENE + YELLOW PIGMENT #2,89.64,18.89,5.57,276.70,0.90,0.00
B49,POLYPROPYLENE + YELLOW PIGMENT #2,93.91,9.07,7.06,272.60,0.90,0.00
B49,POLYPROPYLENE + YELLOW PIGMENT #2,80.07,10.08,7.06,272.60,0.90,0.00
B49,POLYPROPYLENE + YELLOW PIGMENT #2,86.76,10.08,6.05,260.42,0.90,0.00
B49,POLYPROPYLENE + YELLOW PIGMENT #2,90.98,10.91,6.15,256.41,0.90,0.00
B49,POLYPROPYLENE + YELLOW PIGMENT #2,89.91,10.08,6.05,256.41,0.90,0.00
B49,POLYPROPYLENE + YELLOW PIGMENT #2,87.57,11.09,7.06,252.41,0.90,0.00
B49,POLYPROPYLENE + YELLOW PIGMENT #2,92.13,10.69,7.13,252.41,0.90,0.00
B49,POLYPROPYLENE + YELLOW PIGMENT #2,88.69,10.49,6.45,248.44,0.90,0.00
B49,POLYPROPYLENE + YELLOW PIGMENT #2,83.32,8.07,7.06,244.48,0.90,0.00
B49,POLYPROPYLENE + YELLOW PIGMENT #2,87.09,13.05,6.72,240.55,0.90,0.00
B49,POLYPROPYLENE + YELLOW PIGMENT #2,89.25,8.56,7.13,236.64,0.90,0.00
B49,POLYPROPYLENE + YELLOW PIGMENT #2,82.64,9.95,7.13,236.64,0.90,0.00
B49,POLYPROPYLENE + YELLOW PIGMENT #2,91.61,9.23,6.99,236.64,0.90,0.00
B49,POLYPROPYLENE + YELLOW PIGMENT #2,90.84,9.47,6.76,236.64,0.90,0.00
B49,POLYPROPYLENE + YELLOW PIGMENT #2,91.33,10.08,6.05,232.75,0.90,0.00
B49,POLYPROPYLENE + YELLOW PIGMENT #2,93.89,10.84,7.13,232.75,0.90,0.00
B49,POLYPROPYLENE + YELLOW PIGMENT #2,85.22,9.25,7.01,232.75,0.90,0.00
B49,POLYPROPYLENE + YELLOW PIGMENT #2,89.26,14.03,5.56,232.75,0.90,0.00
B49,POLYPROPYLENE + YELLOW PIGMENT #2,90.50,9.98,6.42,228.88,0.90,0.00
B49,POLYPROPYLENE + YELLOW PIGMENT #2,93.45,10.61,7.87,228.88,0.90,0.00
B49,POLYPROPYLENE + YELLOW PIGMENT #2,79.73,12.17,5.86,228.88,0.90,0.00
B49,POLYPROPYLENE + YELLOW PIGMENT #2,92.16,8.07,7.06,225.03,0.90,0.00
B49,POLYPROPYLENE + YELLOW PIGMENT #2,75.01,10.89,6.86,225.03,0.90,0.00
B49,POLYPROPYLENE + YELLOW PIGMENT #2,88.57,9.07,7.06,221.21,0.90,0.00
B49,POLYPROPYLENE + YELLOW PIGMENT #2,90.61,12.51,6.50,221.21,0.90,0.00
B49,POLYPROPYLENE + YELLOW PIGMENT #2,89.92,8.67,7.46,221.21,0.90,0.00
B49,POLYPROPYLENE + YELLOW PIGMENT #2,78.44,13.45,9.78,221.21,0.90,0.00
B49,POLYPROPYLENE + YELLOW PIGMENT #2,76.68,7.84,6.42,217.40,0.90,0.00
B49,POLYPROPYLENE + YELLOW PIGMENT #2,80.31,8.12,7.67,217.40,0.90,0.00
B49,POLYPROPYLENE + YELLOW PIGMENT #2,94.03,8.93,7.01,209.87,0.90,0.00
B49,POLYPROPYLENE + YELLOW PIGMENT #2,90.24,11.09,7.06,209.87,0.90,0.00
B49,POLYPROPYLENE + YELLOW PIGMENT #2,87.71,7.84,7.84,206.13,0.90,0.00
B49,POLYPROPYLENE + YELLOW PIGMENT #2,88.46,12.55,5.70,206.13,0.90,0.00
B49,POLYPROPYLENE + YELLOW PIGMENT #2,77.60,8.07,7.06,202.41,0.90,0.00
B49,POLYPROPYLENE + YELLOW PIGMENT #2,88.91,9.98,7.13,198.72,0.90,0.00
B49,POLYPROPYLENE + YELLOW PIGMENT #2,87.86,8.07,7.06,198.72,0.90,0.00
B49,POLYPROPYLENE + YELLOW PIGMENT #2,79.38,9.45,5.51,198.72,0.90,0.00
B49,POLYPROPYLENE + YELLOW PIGMENT #2,88.74,7.06,7.06,191.41,0.90,0.00
B49,POLYPROPYLENE + YELLOW PIGMENT #2,93.59,8.56,5.70,187.79,0.90,0.00
B49,POLYPROPYLENE + YELLOW PIGMENT #2,80.47,9.98,5.70,180.61,0.90,0.00
B49,POLYPROPYLENE + YELLOW PIGMENT #2,92.91,8.61,6.38,180.61,0.90,0.00
B49,POLYPROPYLENE + YELLOW PIGMENT #2,92.28,8.11,6.92,170.02,0.90,0.00
B49,POLYPROPYLENE + YELLOW PIGMENT #2,84.17,11.19,8.67,170.02,0.90,0.00
B49,POLYPROPYLENE + YELLOW PIGMENT #2,91.63,9.02,6.31,170.02,0.90,0.00
B49,POLYPROPYLENE + YELLOW PIGMENT #2,90.37,8.61,5.74,166.54,0.90,0.00
B49,POLYPROPYLENE + YELLOW PIGMENT #2,88.59,10.08,6.05,163.08,0.90,0.00
B49,POLYPROPYLENE + YELLOW PIGMENT #2,84.95,7.06,6.05,163.08,0.90,0.00
B49,POLYPROPYLENE + YELLOW PIGMENT #2,87.76,7.13,6.42,163.08,0.90,0.00
B49,POLYPROPYLENE + YELLOW PIGMENT #2,85.01,9.27,5.70,159.65,0.90,0.00
B49,POLYPROPYLENE + YELLOW PIGMENT #2,85.29,7.67,6.31,159.65,0.90,0.00
B49,POLYPROPYLENE + YELLOW PIGMENT #2,91.42,11.09,5.04,159.65,0.90,0.00
B49,POLYPROPYLENE + YELLOW PIGMENT #2,88.07,9.07,6.05,156.24,0.90,0.00
B49,POLYPROPYLENE + YELLOW PIGMENT #2,90.73,11.76,5.53,156.24,0.90,0.00
B49,POLYPROPYLENE + YELLOW PIGMENT #2,88.06,10.69,7.13,152.86,0.90,0.00
B49,POLYPROPYLENE + YELLOW PIGMENT #2,87.83,11.09,5.04,152.86,0.90,0.00
B49,POLYPROPYLENE + YELLOW PIGMENT #2,86.75,8.61,5.74,152.86,0.90,0.00
B49,POLYPROPYLENE + YELLOW PIGMENT #2,90.77,8.07,6.05,149.50,0.90,0.00
B49,POLYPROPYLENE + YELLOW PIGMENT #2,85.07,7.06,6.05,146.16,0.90,0.00
B49,POLYPROPYLENE + YELLOW PIGMENT #2,78.65,7.06,6.05,146.16,0.90,0.00
B49,POLYPROPYLENE + YELLOW PIGMENT #2,80.71,10.49,5.65,146.16,0.90,0.00
B49,POLYPROPYLENE + YELLOW PIGMENT #2,88.28,10.52,5.10,146.16,0.90,0.00
B49,POLYPROPYLENE + YELLOW PIGMENT #2,93.90,9.07,7.06,146.16,0.90,0.00
B49,POLYPROPYLENE + YELLOW PIGMENT #2,78.46,8.93,5.74,146.16,0.90,0.00
B49,POLYPROPYLENE + YELLOW PIGMENT #2,91.61,9.27,4.99,142.85,0.90,0.00
B49,POLYPROPYLENE + YELLOW PIGMENT #2,81.79,8.39,6.43,139.57,0.90,0.00
B49,POLYPROPYLENE + YELLOW PIGMENT #2,93.84,10.44,5.14,139.57,0.90,0.00
B49,POLYPROPYLENE + YELLOW PIGMENT #2,89.69,8.07,5.04,139.57,0.90,0.00
B49,POLYPROPYLENE + YELLOW PIGMENT #2,91.11,9.07,5.04,136.31,0.90,0.00
B49,POLYPROPYLENE + YELLOW PIGMENT #2,76.88,7.84,5.70,136.31,0.90,0.00
B49,POLYPROPYLENE + YELLOW PIGMENT #2,91.56,6.42,6.42,133.08,0.90,0.00
B49,POLYPROPYLENE + YELLOW PIGMENT #2,83.68,6.31,6.31,133.08,0.90,0.00
B49,POLYPROPYLENE + YELLOW PIGMENT #2,90.58,11.09,6.05,129.87,0.90,0.00
B49,POLYPROPYLENE + YELLOW PIGMENT #2,86.73,8.70,5.34,129.87,0.90,0.00
B49,POLYPROPYLENE + YELLOW PIGMENT #2,91.63,8.07,5.04,129.87,0.90,0.00
B49,POLYPROPYLENE + YELLOW PIGMENT #2,88.43,7.86,5.99,129.87,0.90,0.00
B49,POLYPROPYLENE + YELLOW PIGMENT #2,78.56,8.07,6.05,126.69,0.90,0.00
B49,POLYPROPYLENE + YELLOW PIGMENT #2,87.77,12.46,5.22,126.69,0.90,0.00
B49,POLYPROPYLENE + YELLOW PIGMENT #2,89.23,8.07,7.06,126.69,0.90,0.00
B49,POLYPROPYLENE + YELLOW PIGMENT #2,78.45,7.06,6.05,123.54,0.90,0.00
B49,POLYPROPYLENE + YELLOW PIGMENT #2,91.82,8.07,5.04,123.54,0.90,0.00
B49,POLYPROPYLENE + YELLOW PIGMENT #2,83.98,6.42,6.42,123.54,0.90,0.00
B49,POLYPROPYLENE + YELLOW PIGMENT #2,85.77,13.08,7.21,123.54,0.90,0.00
B49,POLYPROPYLENE + YELLOW PIGMENT #2,76.47,7.06,5.04,123.54,0.90,0.00
B49,POLYPROPYLENE + YELLOW PIGMENT #2,88.59,7.06,5.04,120.41,0.90,0.00
B49,POLYPROPYLENE + YELLOW PIGMENT #2,76.39,8.07,5.04,117.31,0.90,0.00
B49,POLYPROPYLENE + YELLOW PIGMENT #2,92.55,8.07,7.06,117.31,0.90,0.00
B49,POLYPROPYLENE + YELLOW PIGMENT #2,90.60,9.07,4.03,114.24,0.90,0.00
B49,POLYPROPYLENE + YELLOW PIGMENT #2,93.23,8.56,4.28,111.19,0.90,0.00
B49,POLYPROPYLENE + YELLOW PIGMENT #2,92.88,7.06,6.05,111.19,0.90,0.00
B49,POLYPROPYLENE + YELLOW PIGMENT #2,94.63,6.05,6.05,111.19,0.90,0.00
B49,POLYPROPYLENE + YELLOW PIGMENT #2,86.25,7.13,4.99,111.19,0.90,0.00
B49,POLYPROPYLENE + YELLOW PIGMENT #2,77.46,6.42,5.70,111.19,0.90,0.00
B49,POLYPROPYLENE + YELLOW PIGMENT #2,88.27,10.63,4.47,111.19,0.90,0.00
B49,POLYPROPYLENE + YELLOW PIGMENT #2,93.19,9.88,5.10,111.19,0.90,0.00
B49,POLYPROPYLENE + YELLOW PIGMENT #2,84.80,10.72,4.37,108.17,0.90,0.00
B49,POLYPROPYLENE + YELLOW PIGMENT #2,93.10,7.06,5.04,108.17,0.90,0.00
B49,POLYPROPYLENE + YELLOW PIGMENT #2,87.80,7.83,4.89,108.17,0.90,0.00
B49,POLYPROPYLENE + YELLOW PIGMENT #2,90.65,8.11,4.55,108.17,0.90,0.00
B49,POLYPROPYLENE + YELLOW PIGMENT #2,87.79,7.13,4.99,105.18,0.90,0.00
B49,POLYPROPYLENE + YELLOW PIGMENT #2,92.86,8.47,5.19,105.18,0.90,0.00
B49,POLYPROPYLENE + YELLOW PIGMENT #2,82.12,6.05,6.05,102.22,0.90,0.00
B49,POLYPROPYLENE + YELLOW PIGMENT #2,91.39,7.06,5.04,102.22,0.90,0.00
B49,POLYPROPYLENE + YELLOW PIGMENT #2,91.92,6.42,5.70,102.22,0.90,0.00
B49,POLYPROPYLENE + YELLOW PIGMENT #2,90.72,8.07,5.04,102.22,0.90,0.00
B49,POLYPROPYLENE + YELLOW PIGMENT #2,89.98,7.13,4.99,99.28,0.90,0.00
B49,POLYPROPYLENE + YELLOW PIGMENT #2,78.95,8.07,5.04,96.38,0.90,0.00
B49,POLYPROPYLENE + YELLOW PIGMENT #2,83.24,9.13,4.63,96.38,0.90,0.00
B49,POLYPROPYLENE + YELLOW PIGMENT #2,75.88,7.06,4.03,96.38,0.90,0.00
B49,POLYPROPYLENE + YELLOW PIGMENT #2,87.95,6.05,5.04,96.38,0.90,0.00
B49,POLYPROPYLENE + YELLOW PIGMENT #2,90.06,7.13,4.99,93.50,0.90,0.00
B49,POLYPROPYLENE + YELLOW PIGMENT #2,82.36,6.31,5.41,93.50,0.90,0.00
B49,POLYPROPYLENE + YELLOW PIGMENT #2,87.43,6.05,5.04,93.50,0.90,0.00
B49,POLYPROPYLENE + YELLOW PIGMENT #2,92.13,9.92,4.51,93.50,0.90,0.00
B49,POLYPROPYLENE + YELLOW PIGMENT #2,91.63,6.42,5.70,93.50,0.90,0.00
B49,POLYPROPYLENE + YELLOW PIGMENT #2,84.79,5.70,5.70,90.65,0.90,0.00
B49,POLYPROPYLENE + YELLOW PIGMENT #2,86.80,6.05,5.04,90.65,0.90,0.00
B49,POLYPROPYLENE + YELLOW PIGMENT #2,81.94,11.41,9.98,90.65,0.90,0.00
B49,POLYPROPYLENE + YELLOW PIGMENT #2,92.40,6.05,5.04,90.65,0.90,0.00
B49,POLYPROPYLENE + YELLOW PIGMENT #2,83.67,6.45,5.45,90.65,0.90,0.00
B49,POLYPROPYLENE + YELLOW PIGMENT #2,91.60,6.05,5.04,90.65,0.90,0.00
B49,POLYPROPYLENE + YELLOW PIGMENT #2,91.80,8.12,4.51,90.65,0.90,0.00
B49,POLYPROPYLENE + YELLOW PIGMENT #2,90.43,6.05,5.04,87.84,0.90,0.00
B49,POLYPROPYLENE + YELLOW PIGMENT #2,86.92,5.70,4.99,87.84,0.90,0.00
B49,POLYPROPYLENE + YELLOW PIGMENT #2,93.64,9.49,3.76,87.84,0.90,0.00
B49,POLYPROPYLENE + YELLOW PIGMENT #2,93.19,6.05,5.04,87.84,0.90,0.00
B49,POLYPROPYLENE + YELLOW PIGMENT #2,86.67,8.56,4.28,85.05,0.90,0.00
B49,POLYPROPYLENE + YELLOW PIGMENT #2,82.18,6.05,6.05,85.05,0.90,0.00
B49,POLYPROPYLENE + YELLOW PIGMENT #2,84.40,6.05,5.04,85.05,0.90,0.00
B49,POLYPROPYLENE + YELLOW PIGMENT #2,92.48,6.42,4.28,82.29,0.90,0.00
B49,POLYPROPYLENE + YELLOW PIGMENT #2,85.83,5.70,4.99,82.29,0.90,0.00
B49,POLYPROPYLENE + YELLOW PIGMENT #2,81.89,7.09,6.60,82.29,0.90,0.00
B49,POLYPROPYLENE + YELLOW PIGMENT #2,87.39,5.70,4.99,82.29,0.90,0.00
B49,POLYPROPYLENE + YELLOW PIGMENT #2,78.72,12.12,3.51,82.29,0.90,0.00
B49,POLYPROPYLENE + YELLOW PIGMENT #2,76.17,9.07,5.04,82.29,0.90,0.00
B49,POLYPROPYLENE + YELLOW PIGMENT #2,88.47,5.70,4.99,82.29,0.90,0.00
B49,POLYPROPYLENE + YELLOW PIGMENT #2,78.83,10.35,3.92,79.56,0.90,0.00
B49,POLYPROPYLENE + YELLOW PIGMENT #2,81.31,5.04,5.04,79.56,0.90,0.00
B49,POLYPROPYLENE + YELLOW PIGMENT #2,89.86,6.05,5.04,79.56,0.90,0.00
B49,POLYPROPYLENE + YELLOW PIGMENT #2,91.63,6.05,5.04,79.56,0.90,0.00
B49,POLYPROPYLENE + YELLOW PIGMENT #2,85.00,6.05,5.04,76.86,0.90,0.00
B49,POLYPROPYLENE + YELLOW PIGMENT #2,90.19,5.70,4.99,76.86,0.90,0.00
B49,POLYPROPYLENE + YELLOW PIGMENT #2,88.24,6.05,5.04,76.86,0.90,0.00
B49,POLYPROPYLENE + YELLOW PIGMENT #2,94.09,7.12,4.49,76.86,0.90,0.00
B49,POLYPROPYLENE + YELLOW PIGMENT #2,89.16,7.58,4.40,76.86,0.90,0.00
B49,POLYPROPYLENE + YELLOW PIGMENT #2,77.84,7.66,7.06,74.20,0.90,0.00
B49,POLYPROPYLENE + YELLOW PIGMENT #2,85.91,10.49,5.62,74.20,0.90,0.00
B49,POLYPROPYLENE + YELLOW PIGMENT #2,90.62,6.05,5.04,74.20,0.90,0.00
B49,POLYPROPYLENE + YELLOW PIGMENT #2,81.37,7.13,4.28,74.20,0.90,0.00
B49,POLYPROPYLENE + YELLOW PIGMENT #2,85.45,5.70,5.70,74.20,0.90,0.00
B49,POLYPROPYLENE + YELLOW PIGMENT #2,88.56,7.06,5.04,71.56,0.90,0.00
B49,POLYPROPYLENE + YELLOW PIGMENT #2,88.69,6.42,4.28,71.56,0.90,0.00
B49,POLYPROPYLENE + YELLOW PIGMENT #2,89.40,6.42,4.28,71.56,0.90,0.00
B49,POLYPROPYLENE + YELLOW PIGMENT #2,84.25,8.31,4.65,71.56,0.90,0.00
B49,POLYPROPYLENE + YELLOW PIGMENT #2,86.70,5.04,5.04,71.56,0.90,0.00
B49,POLYPROPYLENE + YELLOW PIGMENT #2,87.87,5.04,5.04,68.96,0.90,0.00
B49,POLYPROPYLENE + YELLOW PIGMENT #2,87.59,5.04,5.04,68.96,0.90,0.00
B49,POLYPROPYLENE + YELLOW PIGMENT #2,89.13,5.86,5.41,68.96,0.90,0.00
B49,POLYPROPYLENE + YELLOW PIGMENT #2,91.18,6.05,4.03,66.39,0.90,0.00
B49,POLYPROPYLENE + YELLOW PIGMENT #2,93.38,7.21,5.86,66.39,0.90,0.00
B49,POLYPROPYLENE + YELLOW PIGMENT #2,84.51,5.86,5.41,63.86,0.90,0.00
B49,POLYPROPYLENE + YELLOW PIGMENT #2,94.09,7.06,4.03,63.86,0.90,0.00
B49,POLYPROPYLENE + YELLOW PIGMENT #2,88.32,5.04,5.04,63.86,0.90,0.00
B49,POLYPROPYLENE + YELLOW PIGMENT #2,88.96,8.87,5.24,63.86,0.90,0.00
B49,POLYPROPYLENE + YELLOW PIGMENT #2,76.58,5.04,5.04,63.86,0.90,0.00
B49,POLYPROPYLENE + YELLOW PIGMENT #2,92.41,5.86,4.96,63.86,0.90,0.00
B49,POLYPROPYLENE + YELLOW PIGMENT #2,90.50,7.34,4.40,63.86,0.90,0.00
B49,POLYPROPYLENE + YELLOW PIGMENT #2,88.91,6.42,4.28,61.35,0.90,0.00
B49,POLYPROPYLENE + YELLOW PIGMENT #2,89.73,5.04,5.04,61.35,0.90,0.00
B49,POLYPROPYLENE + YELLOW PIGMENT #2,80.81,7.67,4.06,61.35,0.90,0.00
B49,POLYPROPYLENE + YELLOW PIGMENT #2,79.51,9.07,3.03,61.35,0.90,0.00
B49,POLYPROPYLENE + YELLOW PIGMENT #2,79.86,5.04,5.04,61.35,0.90,0.00
B49,POLYPROPYLENE + YELLOW PIGMENT #2,89.54,7.13,3.57,61.35,0.90,0.00
B49,POLYPROPYLENE + YELLOW PIGMENT #2,92.33,5.04,5.04,61.35,0.90,0.00
B49,POLYPROPYLENE + YELLOW PIGMENT #2,86.52,5.04,4.03,61.35,0.90,0.00
B49,POLYPROPYLENE + YELLOW PIGMENT #2,85.27,7.95,4.84,58.88,0.90,0.00
B49,POLYPROPYLENE + YELLOW PIGMENT #2,89.72,7.68,4.31,58.88,0.90,0.00
B49,POLYPROPYLENE + YELLOW PIGMENT #2,84.11,6.76,4.51,58.88,0.90,0.00
B49,POLYPROPYLENE + YELLOW PIGMENT #2,89.33,8.07,4.03,58.88,0.90,0.00
B49,POLYPROPYLENE + YELLOW PIGMENT #2,90.01,4.99,4.99,58.88,0.90,0.00
B49,POLYPROPYLENE + YELLOW PIGMENT #2,93.14,6.05,4.03,58.88,0.90,0.00
B49,POLYPROPYLENE + YELLOW PIGMENT #2,83.04,5.41,4.51,58.88,0.90,0.00
B49,POLYPROPYLENE + YELLOW PIGMENT #2,86.11,5.04,5.04,58.88,0.90,0.00
B49,POLYPROPYLENE + YELLOW PIGMENT #2,92.47,5.04,5.04,58.88,0.90,0.00
B49,POLYPROPYLENE + YELLOW PIGMENT #2,94.04,5.14,4.89,56.45,0.90,0.00
B49,POLYPROPYLENE + YELLOW PIGMENT #2,89.28,8.12,3.61,56.45,0.90,0.00
B49,POLYPROPYLENE + YELLOW PIGMENT #2,91.26,6.43,4.20,56.45,0.90,0.00
B49,POLYPROPYLENE + YELLOW PIGMENT #2,91.53,6.76,4.06,56.45,0.90,0.00
B49,POLYPROPYLENE + YELLOW PIGMENT #2,89.38,5.04,5.04,56.45,0.90,0.00
B49,POLYPROPYLENE + YELLOW PIGMENT #2,86.12,7.06,3.03,56.45,0.90,0.00
B49,POLYPROPYLENE + YELLOW PIGMENT #2,79.69,4.99,4.28,56.45,0.90,0.00
B49,POLYPROPYLENE + YELLOW PIGMENT #2,81.53,4.99,4.28,56.45,0.90,0.00
B49,POLYPROPYLENE + YELLOW PIGMENT #2,86.78,6.05,4.03,56.45,0.90,0.00
B49,POLYPROPYLENE + YELLOW PIGMENT #2,91.43,7.06,5.04,56.45,0.90,0.00
B49,POLYPROPYLENE + YELLOW PIGMENT #2,83.52,6.05,4.03,54.04,0.90,0.00
B49,POLYPROPYLENE + YELLOW PIGMENT #2,93.45,5.41,4.51,54.04,0.90,0.00
B49,POLYPROPYLENE + YELLOW PIGMENT #2,75.96,4.99,4.99,54.04,0.90,0.00
B49,POLYPROPYLENE + YELLOW PIGMENT #2,94.69,7.06,4.03,54.04,0.90,0.00
B49,POLYPROPYLENE + YELLOW PIGMENT #2,83.45,9.23,4.20,54.04,0.90,0.00
B49,POLYPROPYLENE + YELLOW PIGMENT #2,88.67,6.11,4.89,54.04,0.90,0.00
B49,POLYPROPYLENE + YELLOW PIGMENT #2,88.28,5.04,5.04,51.68,0.90,0.00
B49,POLYPROPYLENE + YELLOW PIGMENT #2,89.57,7.13,2.85,51.68,0.90,0.00
B49,POLYPROPYLENE + YELLOW PIGMENT #2,92.12,5.04,5.04,51.68,0.90,0.00
B49,POLYPROPYLENE + YELLOW PIGMENT #2,79.92,5.70,3.57,51.68,0.90,0.00
B49,POLYPROPYLENE + YELLOW PIGMENT #2,77.54,6.05,4.03,51.68,0.90,0.00
B49,POLYPROPYLENE + YELLOW PIGMENT #2,88.52,4.99,4.28,51.68,0.90,0.00
B49,POLYPROPYLENE + YELLOW PIGMENT #2,90.94,7.33,3.51,51.68,0.90,0.00
B49,POLYPROPYLENE + YELLOW PIGMENT #2,79.25,5.04,4.03,49.35,0.90,0.00
B49,POLYPROPYLENE + YELLOW PIGMENT #2,82.06,6.05,4.03,49.35,0.90,0.00
B49,POLYPROPYLENE + YELLOW PIGMENT #2,85.24,5.04,4.03,49.35,0.90,0.00
B49,POLYPROPYLENE + YELLOW PIGMENT #2,84.42,7.06,3.03,47.05,0.90,0.00
B49,POLYPROPYLENE + YELLOW PIGMENT #2,89.14,5.04,4.03,47.05,0.90,0.00
B49,POLYPROPYLENE + YELLOW PIGMENT #2,89.16,6.76,4.51,47.05,0.90,0.00
B49,POLYPROPYLENE + YELLOW PIGMENT #2,88.70,4.03,4.03,47.05,0.90,0.00
B49,POLYPROPYLENE + YELLOW PIGMENT #2,92.52,7.06,3.03,47.05,0.90,0.00
B49,POLYPROPYLENE + YELLOW PIGMENT #2,85.77,7.06,4.24,47.05,0.90,0.00
B49,POLYPROPYLENE + YELLOW PIGMENT #2,86.52,6.33,3.76,47.05,0.90,0.00
B49,POLYPROPYLENE + YELLOW PIGMENT #2,82.02,5.04,4.03,47.05,0.90,0.00
B49,POLYPROPYLENE + YELLOW PIGMENT #2,81.68,9.47,3.61,44.79,0.90,0.00
B49,POLYPROPYLENE + YELLOW PIGMENT #2,90.74,4.99,4.28,44.79,0.90,0.00
B49,POLYPROPYLENE + YELLOW PIGMENT #2,93.76,4.03,4.03,44.79,0.90,0.00
B49,POLYPROPYLENE + YELLOW PIGMENT #2,83.38,5.74,4.15,44.79,0.90,0.00
B49,POLYPROPYLENE + YELLOW PIGMENT #2,85.55,6.38,3.51,44.79,0.90,0.00
B49,POLYPROPYLENE + YELLOW PIGMENT #2,91.54,5.04,4.03,44.79,0.90,0.00
B49,POLYPROPYLENE + YELLOW PIGMENT #2,90.93,4.03,4.03,44.79,0.90,0.00
B49,POLYPROPYLENE + YELLOW PIGMENT #2,93.66,4.03,4.03,42.57,0.90,0.00
B49,POLYPROPYLENE + YELLOW PIGMENT #2,92.73,6.05,3.03,42.57,0.90,0.00
B49,POLYPROPYLENE + YELLOW PIGMENT #2,91.92,4.03,4.03,42.57,0.90,0.00
B49,POLYPROPYLENE + YELLOW PIGMENT #2,86.13,5.04,4.03,42.57,0.90,0.00
B49,POLYPROPYLENE + YELLOW PIGMENT #2,93.00,4.28,4.28,42.57,0.90,0.00
B49,POLYPROPYLENE + YELLOW PIGMENT #2,81.40,5.04,4.03,42.57,0.90,0.00
B49,POLYPROPYLENE + YELLOW PIGMENT #2,82.95,6.60,4.16,42.57,0.90,0.00
B49,POLYPROPYLENE + YELLOW PIGMENT #2,88.55,4.28,4.28,40.39,0.90,0.00
B49,POLYPROPYLENE + YELLOW PIGMENT #2,85.60,4.28,4.28,40.39,0.90,0.00
B49,POLYPROPYLENE + YELLOW PIGMENT #2,77.28,6.31,3.16,40.39,0.90,0.00
B49,POLYPROPYLENE + YELLOW PIGMENT #2,93.04,7.49,3.93,40.39,0.90,0.00
B49,POLYPROPYLENE + YELLOW PIGMENT #2,86.68,4.28,4.28,40.39,0.90,0.00
B49,POLYPROPYLENE + YELLOW PIGMENT #2,89.14,6.53,3.56,40.39,0.90,0.00
B49,POLYPROPYLENE + YELLOW PIGMENT #2,77.13,5.04,4.03,40.39,0.90,0.00
B49,POLYPROPYLENE + YELLOW PIGMENT #2,87.75,5.04,4.03,40.39,0.90,0.00
B49,POLYPROPYLENE + YELLOW PIGMENT #2,81.50,5.86,3.61,40.39,0.90,0.00
B49,POLYPROPYLENE + YELLOW PIGMENT #2,79.73,5.04,4.03,40.39,0.90,0.00
B49,POLYPROPYLENE + YELLOW PIGMENT #2,92.63,8.07,5.04,38.24,0.90,0.00
B49,POLYPROPYLENE + YELLOW PIGMENT #2,85.84,4.96,4.06,38.24,0.90,0.00
B49,POLYPROPYLENE + YELLOW PIGMENT #2,88.91,5.04,4.03,38.24,0.90,0.00
B49,POLYPROPYLENE + YELLOW PIGMENT #2,92.14,5.10,3.83,38.24,0.90,0.00
B49,POLYPROPYLENE + YELLOW PIGMENT #2,89.23,4.03,4.03,38.24,0.90,0.00
B49,POLYPROPYLENE + YELLOW PIGMENT #2,80.48,6.05,4.03,38.24,0.90,0.00
B49,POLYPROPYLENE + YELLOW PIGMENT #2,78.49,6.05,3.03,38.24,0.90,0.00
B49,POLYPROPYLENE + YELLOW PIGMENT #2,86.69,4.28,4.28,38.24,0.90,0.00
B49,POLYPROPYLENE + YELLOW PIGMENT #2,89.48,4.03,4.03,36.14,0.90,0.00
B49,POLYPROPYLENE + YELLOW PIGMENT #2,75.32,4.99,3.57,36.14,0.90,0.00
B49,POLYPROPYLENE + YELLOW PIGMENT #2,87.71,5.04,3.03,36.14,0.90,0.00
B49,POLYPROPYLENE + YELLOW PIGMENT #2,88.13,4.99,3.57,36.14,0.90,0.00
B49,POLYPROPYLENE + YELLOW PIGMENT #2,93.47,4.28,4.28,36.14,0.90,0.00
B49,POLYPROPYLENE + YELLOW PIGMENT #2,92.11,6.42,3.57,36.14,0.90,0.00
B49,POLYPROPYLENE + YELLOW PIGMENT #2,83.37,5.59,3.36,34.08,0.90,0.00
B49,POLYPROPYLENE + YELLOW PIGMENT #2,93.57,5.04,4.03,34.08,0.90,0.00
B49,POLYPROPYLENE + YELLOW PIGMENT #2,88.69,4.03,4.03,34.08,0.90,0.00
B49,POLYPROPYLENE + YELLOW PIGMENT #2,75.45,5.04,3.03,34.08,0.90,0.00
B49,POLYPROPYLENE + YELLOW PIGMENT #2,92.10,5.04,3.03,34.08,0.90,0.00
B49,POLYPROPYLENE + YELLOW PIGMENT #2,92.39,4.28,3.57,34.08,0.90,0.00
B49,POLYPROPYLENE + YELLOW PIGMENT #2,84.70,5.04,3.03,34.08,0.90,0.00
B49,POLYPROPYLENE + YELLOW PIGMENT #2,88.03,4.03,4.03,34.08,0.90,0.00
B49,POLYPROPYLENE + YELLOW PIGMENT #2,83.23,6.05,3.23,34.08,0.90,0.00
B49,POLYPROPYLENE + YELLOW PIGMENT #2,86.78,6.25,3.43,32.05,0.90,0.00
B49,POLYPROPYLENE + YELLOW PIGMENT #2,87.13,4.03,4.03,32.05,0.90,0.00
B49,POLYPROPYLENE + YELLOW PIGMENT #2,90.00,4.03,4.03,32.05,0.90,0.00
B49,POLYPROPYLENE + YELLOW PIGMENT #2,91.68,5.70,2.85,32.05,0.90,0.00
B49,POLYPROPYLENE + YELLOW PIGMENT #2,90.92,4.03,4.03,32.05,0.90,0.00
B49,POLYPROPYLENE + YELLOW PIGMENT #2,88.31,5.70,2.85,32.05,0.90,0.00
B49,POLYPROPYLENE + YELLOW PIGMENT #2,86.78,5.70,3.57,32.05,0.90,0.00
B49,POLYPROPYLENE + YELLOW PIGMENT #2,90.14,8.12,3.16,32.05,0.90,0.00
B49,POLYPROPYLENE + YELLOW PIGMENT #2,92.29,4.96,3.61,32.05,0.90,0.00
B49,POLYPROPYLENE + YELLOW PIGMENT #2,80.31,4.03,4.03,32.05,0.90,0.00
B49,POLYPROPYLENE + YELLOW PIGMENT #2,79.14,4.03,4.03,32.05,0.90,0.00
B49,POLYPROPYLENE + YELLOW PIGMENT #2,81.30,4.03,4.03,32.05,0.90,0.00
B49,POLYPROPYLENE + YELLOW PIGMENT #2,79.19,5.86,3.61,32.05,0.90,0.00
B49,POLYPROPYLENE + YELLOW PIGMENT #2,91.42,5.04,3.03,32.05,0.90,0.00
B49,POLYPROPYLENE + YELLOW PIGMENT #2,91.78,6.05,3.03,30.07,0.90,0.00
B49,POLYPROPYLENE + YELLOW PIGMENT #2,91.08,5.04,3.03,30.07,0.90,0.00
B49,POLYPROPYLENE + YELLOW PIGMENT #2,78.00,4.03,4.03,30.07,0.90,0.00
B49,POLYPROPYLENE + YELLOW PIGMENT #2,77.76,6.05,3.03,30.07,0.90,0.00
B49,POLYPROPYLENE + YELLOW PIGMENT #2,90.86,5.04,4.03,30.07,0.90,0.00
B49,POLYPROPYLENE + YELLOW PIGMENT #2,89.61,5.86,3.16,30.07,0.90,0.00
B49,POLYPROPYLENE + YELLOW PIGMENT #2,88.57,7.32,3.56,30.07,0.90,0.00
B49,POLYPROPYLENE + YELLOW PIGMENT #2,94.62,4.75,3.92,30.07,0.90,0.00
B49,POLYPROPYLENE + YELLOW PIGMENT #2,80.42,5.04,5.04,30.07,0.90,0.00
B49,POLYPROPYLENE + YELLOW PIGMENT #2,80.72,4.28,3.57,30.07,0.90,0.00
B49,POLYPROPYLENE + YELLOW PIGMENT #2,93.76,4.28,3.57,30.07,0.90,0.00
B49,POLYPROPYLENE + YELLOW PIGMENT #2,91.00,4.03,4.03,28.13,0.90,0.00
B49,POLYPROPYLENE + YELLOW PIGMENT #2,91.95,4.03,4.03,28.13,0.90,0.00
B49,POLYPROPYLENE + YELLOW PIGMENT #2,84.95,3.57,3.57,28.13,0.90,0.00
B49,POLYPROPYLENE + YELLOW PIGMENT #2,93.58,4.03,4.03,28.13,0.90,0.00
B49,POLYPROPYLENE + YELLOW PIGMENT #2,85.04,5.04,3.03,28.13,0.90,0.00
B49,POLYPROPYLENE + YELLOW PIGMENT #2,89.80,6.05,3.03,28.13,0.90,0.00
B49,POLYPROPYLENE + YELLOW PIGMENT #2,88.50,5.04,4.03,28.13,0.90,0.00
B49,POLYPROPYLENE + YELLOW PIGMENT #2,88.82,7.21,3.61,28.13,0.90,0.00
B49,POLYPROPYLENE + YELLOW PIGMENT #2,86.69,4.03,4.03,28.13,0.90,0.00
B49,POLYPROPYLENE + YELLOW PIGMENT #2,86.59,5.04,3.03,28.13,0.90,0.00
B49,POLYPROPYLENE + YELLOW PIGMENT #2,91.33,4.03,3.03,28.13,0.90,0.00
B49,POLYPROPYLENE + YELLOW PIGMENT #2,82.86,6.42,2.85,28.13,0.90,0.00
B49,POLYPROPYLENE + YELLOW PIGMENT #2,92.49,4.03,3.03,28.13,0.90,0.00
B49,POLYPROPYLENE + YELLOW PIGMENT #2,93.24,4.06,3.61,28.13,0.90,0.00
B49,POLYPROPYLENE + YELLOW PIGMENT #2,90.83,4.28,2.85,28.13,0.90,0.00
B49,POLYPROPYLENE + YELLOW PIGMENT #2,92.19,4.03,3.03,28.13,0.90,0.00
B49,POLYPROPYLENE + YELLOW PIGMENT #2,90.87,4.03,4.03,28.13,0.90,0.00
B49,POLYPROPYLENE + YELLOW PIGMENT #2,91.54,4.06,3.61,26.23,0.90,0.00
B49,POLYPROPYLENE + YELLOW PIGMENT #2,88.88,6.42,2.85,26.23,0.90,0.00
B49,POLYPROPYLENE + YELLOW PIGMENT #2,83.33,4.06,3.61,26.23,0.90,0.00
B49,POLYPROPYLENE + YELLOW PIGMENT #2,88.53,5.04,3.03,26.23,0.90,0.00
B49,POLYPROPYLENE + YELLOW PIGMENT #2,84.87,4.03,3.03,26.23,0.90,0.00
B49,POLYPROPYLENE + YELLOW PIGMENT #2,90.90,8.13,3.11,26.23,0.90,0.00
B49,POLYPROPYLENE + YELLOW PIGMENT #2,77.53,4.28,3.57,26.23,0.90,0.00
B49,POLYPROPYLENE + YELLOW PIGMENT #2,82.74,4.03,3.03,26.23,0.90,0.00
B49,POLYPROPYLENE + YELLOW PIGMENT #2,93.16,4.28,3.57,26.23,0.90,0.00
B49,POLYPROPYLENE + YELLOW PIGMENT #2,87.53,5.10,3.83,26.23,0.90,0.00
B49,POLYPROPYLENE + YELLOW PIGMENT #2,78.46,7.06,3.03,26.23,0.90,0.00
B49,POLYPROPYLENE + YELLOW PIGMENT #2,90.00,4.28,3.57,26.23,0.90,0.00
B49,POLYPROPYLENE + YELLOW PIGMENT #2,89.58,5.04,3.03,26.23,0.90,0.00
B49,POLYPROPYLENE + YELLOW PIGMENT #2,86.88,6.11,4.40,26.23,0.90,0.00
B49,POLYPROPYLENE + YELLOW PIGMENT #2,87.60,5.04,3.03,26.23,0.90,0.00
B49,POLYPROPYLENE + YELLOW PIGMENT #2,91.83,4.03,3.03,24.38,0.90,0.00
B49,POLYPROPYLENE + YELLOW PIGMENT #2,80.60,7.06,4.03,24.38,0.90,0.00
B49,POLYPROPYLENE + YELLOW PIGMENT #2,89.77,4.96,3.16,24.38,0.90,0.00
B49,POLYPROPYLENE + YELLOW PIGMENT #2,92.55,4.03,3.03,24.38,0.90,0.00
B49,POLYPROPYLENE + YELLOW PIGMENT #2,91.23,5.04,3.03,24.38,0.90,0.00
B49,POLYPROPYLENE + YELLOW PIGMENT #2,85.93,4.28,2.85,24.38,0.90,0.00
B49,POLYPROPYLENE + YELLOW PIGMENT #2,86.26,3.57,3.57,24.38,0.90,0.00
B49,POLYPROPYLENE + YELLOW PIGMENT #2,76.02,4.03,3.03,24.38,0.90,0.00
B49,POLYPROPYLENE + YELLOW PIGMENT #2,80.49,3.57,3.57,24.38,0.90,0.00
B49,POLYPROPYLENE + YELLOW PIGMENT #2,85.02,4.03,4.03,24.38,0.90,0.00
B49,POLYPROPYLENE + YELLOW PIGMENT #2,88.12,4.03,3.03,24.38,0.90,0.00
B49,POLYPROPYLENE + YELLOW PIGMENT #2,91.01,7.06,6.05,22.58,0.90,0.00
B49,POLYPROPYLENE + YELLOW PIGMENT #2,87.21,4.03,3.03,22.58,0.90,0.00
B49,POLYPROPYLENE + YELLOW PIGMENT #2,92.53,4.03,3.03,22.58,0.90,0.00
B49,POLYPROPYLENE + YELLOW PIGMENT #2,89.06,4.06,3.61,22.58,0.90,0.00
B49,POLYPROPYLENE + YELLOW PIGMENT #2,77.35,5.04,3.03,22.58,0.90,0.00
B49,POLYPROPYLENE + YELLOW PIGMENT #2,90.07,4.03,3.03,22.58,0.90,0.00
B49,POLYPROPYLENE + YELLOW PIGMENT #2,90.43,3.57,2.85,22.58,0.90,0.00
B49,POLYPROPYLENE + YELLOW PIGMENT #2,83.05,4.03,3.03,22.58,0.90,0.00
B49,POLYPROPYLENE + YELLOW PIGMENT #2,90.13,4.06,3.61,22.58,0.90,0.00
B49,POLYPROPYLENE + YELLOW PIGMENT #2,88.77,3.57,2.85,22.58,0.90,0.00
B49,POLYPROPYLENE + YELLOW PIGMENT #2,86.10,6.42,3.57,22.58,0.90,0.00
B49,POLYPROPYLENE + YELLOW PIGMENT #2,85.59,4.03,3.03,20.82,0.90,0.00
B49,POLYPROPYLENE + YELLOW PIGMENT #2,92.21,4.28,2.85,20.82,0.90,0.00
B49,POLYPROPYLENE + YELLOW PIGMENT #2,82.30,4.03,3.03,20.82,0.90,0.00
B49,POLYPROPYLENE + YELLOW PIGMENT #2,95.32,5.86,2.71,20.82,0.90,0.00
B49,POLYPROPYLENE + YELLOW PIGMENT #2,79.41,4.03,4.03,20.82,0.90,0.00
B49,POLYPROPYLENE + YELLOW PIGMENT #2,91.52,4.03,3.03,20.82,0.90,0.00
B49,POLYPROPYLENE + YELLOW PIGMENT #2,91.17,4.03,3.03,20.82,0.90,0.00
B49,POLYPROPYLENE + YELLOW PIGMENT #2,88.57,4.03,3.03,20.82,0.90,0.00
B49,POLYPROPYLENE + YELLOW PIGMENT #2,78.22,4.03,3.03,20.82,0.90,0.00
B49,POLYPROPYLENE + YELLOW PIGMENT #2,76.56,4.03,3.03,19.11,0.90,0.00
B49,POLYPROPYLENE + YELLOW PIGMENT #2,93.62,5.03,4.47,19.11,0.90,0.00
B49,POLYPROPYLENE + YELLOW PIGMENT #2,88.65,4.03,3.03,19.11,0.90,0.00
B49,POLYPROPYLENE + YELLOW PIGMENT #2,88.27,3.03,3.03,19.11,0.90,0.00
B49,POLYPROPYLENE + YELLOW PIGMENT #2,90.70,4.03,3.03,19.11,0.90,0.00
B49,POLYPROPYLENE + YELLOW PIGMENT #2,89.70,4.03,3.03,19.11,0.90,0.00
B49,POLYPROPYLENE + YELLOW PIGMENT #2,89.58,4.03,3.03,19.11,0.90,0.00
B49,POLYPROPYLENE + YELLOW PIGMENT #2,83.36,5.42,2.55,19.11,0.90,0.00
B49,POLYPROPYLENE + YELLOW PIGMENT #2,87.52,4.03,3.03,19.11,0.90,0.00
B49,POLYPROPYLENE + YELLOW PIGMENT #2,78.84,4.28,3.57,19.11,0.90,0.00
B49,POLYPROPYLENE + YELLOW PIGMENT #2,93.49,4.03,3.03,19.11,0.90,0.00
B49,POLYPROPYLENE + YELLOW PIGMENT #2,86.84,4.06,3.61,19.11,0.90,0.00
B49,POLYPROPYLENE + YELLOW PIGMENT #2,94.16,3.03,3.03,19.11,0.90,0.00
B49,POLYPROPYLENE + YELLOW PIGMENT #2,90.88,3.57,2.85,19.11,0.90,0.00
B49,POLYPROPYLENE + YELLOW PIGMENT #2,87.39,3.03,3.03,17.45,0.90,0.00
B49,POLYPROPYLENE + YELLOW PIGMENT #2,91.49,3.61,3.16,17.45,0.90,0.00
B49,POLYPROPYLENE + YELLOW PIGMENT #2,83.90,3.03,3.03,17.45,0.90,0.00
B49,POLYPROPYLENE + YELLOW PIGMENT #2,91.61,3.03,3.03,17.45,0.90,0.00
B49,POLYPROPYLENE + YELLOW PIGMENT #2,78.11,4.28,2.85,17.45,0.90,0.00
B49,POLYPROPYLENE + YELLOW PIGMENT #2,78.61,4.03,3.03,17.45,0.90,0.00
B49,POLYPROPYLENE + YELLOW PIGMENT #2,87.41,4.28,2.85,17.45,0.90,0.00
B49,POLYPROPYLENE + YELLOW PIGMENT #2,91.20,4.03,3.03,17.45,0.90,0.00
B49,POLYPROPYLENE + YELLOW PIGMENT #2,92.62,4.03,3.03,17.45,0.90,0.00
B49,POLYPROPYLENE + YELLOW PIGMENT #2,78.77,3.03,3.03,15.84,0.90,0.00
B49,POLYPROPYLENE + YELLOW PIGMENT #2,91.09,3.57,2.85,15.84,0.90,0.00
B49,POLYPROPYLENE + YELLOW PIGMENT #2,92.56,3.57,2.85,15.84,0.90,0.00
B49,POLYPROPYLENE + YELLOW PIGMENT #2,78.39,3.03,3.03,15.84,0.90,0.00
B49,POLYPROPYLENE + YELLOW PIGMENT #2,92.13,4.03,3.03,15.84,0.90,0.00
B49,POLYPROPYLENE + YELLOW PIGMENT #2,91.45,3.83,3.19,15.84,0.90,0.00
B49,POLYPROPYLENE + YELLOW PIGMENT #2,86.17,4.03,3.03,15.84,0.90,0.00
B49,POLYPROPYLENE + YELLOW PIGMENT #2,76.29,3.57,2.85,15.84,0.90,0.00
B49,POLYPROPYLENE + YELLOW PIGMENT #2,93.30,5.10,3.19,14.28,0.90,0.00
B49,POLYPROPYLENE + YELLOW PIGMENT #2,91.70,2.85,2.85,14.28,0.90,0.00
B49,POLYPROPYLENE + YELLOW PIGMENT #2,90.24,5.42,2.87,14.28,0.90,0.00
B49,POLYPROPYLENE + YELLOW PIGMENT #2,90.33,2.85,2.85,14.28,0.90,0.00
B49,POLYPROPYLENE + YELLOW PIGMENT #2,91.08,3.03,3.03,14.28,0.90,0.00
B49,POLYPROPYLENE + YELLOW PIGMENT #2,84.08,4.28,2.85,14.28,0.90,0.00
B49,POLYPROPYLENE + YELLOW PIGMENT #2,81.09,4.47,2.52,14.28,0.90,0.00
B49,POLYPROPYLENE + YELLOW PIGMENT #2,83.02,4.06,2.71,14.28,0.90,0.00
B49,POLYPROPYLENE + YELLOW PIGMENT #2,79.34,4.99,2.85,14.28,0.90,0.00
B49,POLYPROPYLENE + YELLOW PIGMENT #2,93.94,3.03,3.03,14.28,0.90,0.00
B49,POLYPROPYLENE + YELLOW PIGMENT #2,91.25,2.85,2.85,14.28,0.90,0.00
B49,POLYPROPYLENE + YELLOW PIGMENT #2,85.42,3.61,3.16,14.28,0.90,0.00
B49,POLYPROPYLENE + YELLOW PIGMENT #2,90.13,3.03,3.03,12.78,0.90,0.00
B49,POLYPROPYLENE + YELLOW PIGMENT #2,82.92,7.06,3.03,12.78,0.90,0.00
B49,POLYPROPYLENE + YELLOW PIGMENT #2,92.94,5.70,2.14,12.78,0.90,0.00
B49,POLYPROPYLENE + YELLOW PIGMENT #2,93.76,3.03,3.03,12.78,0.90,0.00
B49,POLYPROPYLENE + YELLOW PIGMENT #2,87.04,4.96,2.71,12.78,0.90,0.00
B49,POLYPROPYLENE + YELLOW PIGMENT #2,85.25,4.03,3.03,12.78,0.90,0.00
B49,POLYPROPYLENE + YELLOW PIGMENT #2,86.96,3.03,3.03,12.78,0.90,0.00
B49,POLYPROPYLENE + YELLOW PIGMENT #2,90.60,3.57,2.85,12.78,0.90,0.00
B49,POLYPROPYLENE + YELLOW PIGMENT #2,88.41,3.03,3.03,12.78,0.90,0.00
B49,POLYPROPYLENE + YELLOW PIGMENT #2,90.31,3.03,3.03,12.78,0.90,0.00
B49,POLYPROPYLENE + YELLOW PIGMENT #2,91.39,4.28,2.14,12.78,0.90,0.00
B49,POLYPROPYLENE + YELLOW PIGMENT #2,91.24,3.03,3.03,12.78,0.90,0.00
B49,POLYPROPYLENE + YELLOW PIGMENT #2,88.59,4.28,2.14,12.78,0.90,0.00
B49,POLYPROPYLENE + YELLOW PIGMENT #2,80.69,3.03,3.03,12.78,0.90,0.00
B49,POLYPROPYLENE + YELLOW PIGMENT #2,93.96,5.80,3.00,11.33,0.90,0.00
B49,POLYPROPYLENE + YELLOW PIGMENT #2,89.33,4.51,2.26,11.33,0.90,0.00
B49,POLYPROPYLENE + YELLOW PIGMENT #2,88.98,4.03,3.03,11.33,0.90,0.00
B49,POLYPROPYLENE + YELLOW PIGMENT #2,85.12,3.03,3.03,11.33,0.90,0.00
B49,POLYPROPYLENE + YELLOW PIGMENT #2,91.13,7.13,2.14,11.33,0.90,0.00
B49,POLYPROPYLENE + YELLOW PIGMENT #2,91.22,3.57,2.14,11.33,0.90,0.00
B49,POLYPROPYLENE + YELLOW PIGMENT #2,86.11,3.57,2.85,11.33,0.90,0.00
B49,POLYPROPYLENE + YELLOW PIGMENT #2,93.09,2.85,2.85,11.33,0.90,0.00
B49,POLYPROPYLENE + YELLOW PIGMENT #2,85.49,2.85,2.85,11.33,0.90,0.00
B49,POLYPROPYLENE + YELLOW PIGMENT #2,92.47,3.03,3.03,11.33,0.90,0.00
B49,POLYPROPYLENE + YELLOW PIGMENT #2,87.25,3.03,3.03,11.33,0.90,0.00
B49,POLYPROPYLENE + YELLOW PIGMENT #2,86.71,5.70,2.14,9.95,0.90,0.00
B49,POLYPROPYLENE + YELLOW PIGMENT #2,77.53,3.16,2.71,9.95,0.90,0.00
B49,POLYPROPYLENE + YELLOW PIGMENT #2,92.03,5.41,2.71,9.95,0.90,0.00
B49,POLYPROPYLENE + YELLOW PIGMENT #2,82.90,4.47,1.96,9.95,0.90,0.00
B49,POLYPROPYLENE + YELLOW PIGMENT #2,77.26,2.85,2.14,9.95,0.90,0.00
B49,POLYPROPYLENE + YELLOW PIGMENT #2,91.13,4.15,2.87,9.95,0.90,0.00
B49,POLYPROPYLENE + YELLOW PIGMENT #2,79.51,3.61,2.26,9.95,0.90,0.00
B49,POLYPROPYLENE + YELLOW PIGMENT #2,79.63,3.57,2.85,8.62,0.90,0.00
B49,POLYPROPYLENE + YELLOW PIGMENT #2,90.01,3.83,2.23,8.62,0.90,0.00
B49,POLYPROPYLENE + YELLOW PIGMENT #2,90.47,3.57,2.85,8.62,0.90,0.00
B49,POLYPROPYLENE + YELLOW PIGMENT #2,90.97,3.57,2.14,8.62,0.90,0.00
B49,POLYPROPYLENE + YELLOW PIGMENT #2,85.73,3.57,2.14,8.62,0.90,0.00
B49,POLYPROPYLENE + YELLOW PIGMENT #2,82.75,4.03,3.03,8.62,0.90,0.00
B49,POLYPROPYLENE + YELLOW PIGMENT #2,84.78,4.75,2.24,8.62,0.90,0.00
B49,POLYPROPYLENE + YELLOW PIGMENT #2,83.71,9.54,2.20,8.62,0.90,0.00
B49,POLYPROPYLENE + YELLOW PIGMENT #2,92.11,4.03,3.03,8.62,0.90,0.00
B49,POLYPROPYLENE + YELLOW PIGMENT #2,88.84,3.57,2.14,8.62,0.90,0.00
B49,POLYPROPYLENE + YELLOW PIGMENT #2,88.98,3.57,2.14,8.62,0.90,0.00
B49,Polypropylene 10. Black Battery Holder,97.53,64.00,25.20,14926.85,0.90,0.01
B49,Polypropylene 10. Black Battery Holder,84.84,30.32,26.85,9195.41,0.90,0.01
B49,Polypropylene 10. Black Battery Holder,97.82,27.22,23.19,8158.98,0.90,0.01
B49,Polypropylene 10. Black Battery Holder,97.83,42.49,24.50,6133.49,0.90,0.01
B49,Polypropylene 10. Black Battery Holder,97.08,23.11,14.59,2795.33,0.90,0.00
B49,Polypropylene 10. Black Battery Holder,96.80,21.72,15.46,2759.87,0.90,0.00
B49,Polypropylene 10. Black Battery Holder,96.35,20.68,14.26,2140.01,0.90,0.00
B49,Polypropylene 10. Black Battery Holder,98.52,28.17,13.04,2003.36,0.90,0.00
B49,Polypropylene 10. Black Battery Holder,98.33,23.19,11.09,1724.09,0.90,0.00
B49,Polypropylene 10. Black Battery Holder,96.98,14.99,14.03,1516.75,0.90,0.00
B49,Polypropylene 10. Black Battery Holder,98.85,19.39,10.82,1263.54,0.90,0.00
B49,Polypropylene 10. Black Battery Holder,97.30,21.85,12.56,938.48,0.90,0.00
B49,Polypropylene 10. Black Battery Holder,98.88,19.11,9.70,771.02,0.90,0.00
B49,Polypropylene 10. Black Battery Holder,96.17,15.28,10.05,736.59,0.90,0.00
B49,Polypropylene 10. Black Battery Holder,94.21,15.12,11.09,641.92,0.90,0.00
B49,Polypropylene 10. Black Battery Holder,96.37,11.41,8.56,432.34,0.90,0.00
B49,Polypropylene 10. Black Battery Holder,98.02,21.39,7.84,323.11,0.90,0.00
B49,Polypropylene 10. Black Battery Holder,97.46,11.47,9.23,305.95,0.90,0.00
B49,Polypropylene 10. Black Battery Holder,94.12,9.27,7.84,280.82,0.90,0.00
B49,Polypropylene 10. Black Battery Holder,98.71,12.80,7.77,232.75,0.90,0.00
B49,Polypropylene 10. Black Battery Holder,95.40,9.07,6.05,206.13,0.90,0.00
B49,Polypropylene 10. Black Battery Holder,95.86,14.03,5.74,202.41,0.90,0.00
B49,Polypropylene 10. Black Battery Holder,97.40,7.84,7.13,180.61,0.90,0.00
B49,Polypropylene 10. Black Battery Holder,96.20,11.25,4.89,166.54,0.90,0.00
B49,Polypropylene 10. Black Battery Holder,97.25,8.87,5.45,139.57,0.90,0.00
B49,Polypropylene 10. Black Battery Holder,97.13,7.84,4.99,90.65,0.90,0.00
B49,Polypropylene 10. Black Battery Holder,97.40,12.69,6.96,82.29,0.90,0.00
B49,Polypropylene 10. Black Battery Holder,94.27,9.88,5.75,76.86,0.90,0.00
B49,Polypropylene 10. Black Battery Holder,97.15,8.99,5.43,56.45,0.90,0.00
B49,Polypropylene 10. Black Battery Holder,98.89,8.56,3.57,56.45,0.90,0.00
B49,Polypropylene 10. Black Battery Holder,99.06,6.31,6.31,54.04,0.90,0.00
B49,Polypropylene 10. Black Battery Holder,97.33,5.04,4.03,44.79,0.90,0.00
B49,Polypropylene 10. Black Battery Holder,98.52,7.27,5.31,44.79,0.90,0.00
B49,Polypropylene 10. Black Battery Holder,98.59,5.10,3.83,38.24,0.90,0.00
B49,Polypropylene 10. Black Battery Holder,92.13,6.05,3.03,34.08,0.90,0.00
B49,Polypropylene 10. Black Battery Holder,92.60,5.04,3.03,30.07,0.90,0.00
B49,Polypropylene 10. Black Battery Holder,97.36,7.26,3.80,22.58,0.90,0.00
B49,Polypropylene 10. Black Battery Holder,97.91,4.99,3.57,15.84,0.90,0.00
B49,Polypropylene 10. Black Battery Holder,96.85,6.05,3.03,14.28,0.90,0.00
B49,Polypropylene 10. Black Battery Holder,96.67,5.70,2.14,12.78,0.90,0.00
B49,Polypropylene 10. Black Battery Holder,93.87,7.21,2.71,12.78,0.90,0.00
B49,Polypropylene 10. Black Battery Holder,77.96,5.04,3.03,11.33,0.90,0.00
B49,Polypropylene 10. Black Battery Holder,98.36,4.51,2.26,8.62,0.90,0.00
B49,Polypropylene 15. Clear Cling Wrap,97.18,11.41,6.42,177.06,0.90,0.00
B49,Polypropylene 2. White Straw,96.89,13.08,3.16,26.23,0.90,0.00
B49,Polypropylene 5. White Food Wrapper,88.66,8.12,7.21,217.40,0.90,0.00
B49,Polypropylene 5. White Food Wrapper,89.75,5.86,4.06,54.04,0.90,0.00
B49,Polypropylene 7. White Toothbrush Handle,98.54,6.43,4.20,30.07,0.90,0.00
B49,Polypropylene 8. White Bottle Cap,92.56,60.56,31.50,12836.21,0.90,0.01
B49,Polypropylene 8. White Bottle Cap,98.91,24.24,22.81,6330.78,0.90,0.01
B49,Polypropylene 8. White Bottle Cap,99.05,29.05,19.31,5277.44,0.90,0.00
B49,Polypropylene 8. White Bottle Cap,98.59,17.01,11.97,1332.32,0.90,0.00
B49,Polypropylene 8. White Bottle Cap,99.21,18.98,13.30,1077.53,0.90,0.00
B49,Polypropylene 8. White Bottle Cap,99.25,25.69,8.91,926.15,0.90,0.00
B49,Polypropylene 8. White Bottle Cap,96.86,15.18,12.61,742.29,0.90,0.00
B49,Polypropylene 8. White Bottle Cap,86.01,13.11,11.09,719.57,0.90,0.00
B49,Polypropylene 8. White Bottle Cap,98.57,9.98,9.98,475.96,0.90,0.00
B49,Polypropylene 8. White Bottle Cap,98.59,12.58,6.15,240.55,0.90,0.00
B49,Polypropylene 8. White Bottle Cap,88.15,10.94,6.13,187.79,0.90,0.00
B49,Polypropylene 8. White Bottle Cap,96.95,10.72,6.40,173.53,0.90,0.00
B49,Polypropylene 8. White Bottle Cap,99.12,8.07,6.05,159.65,0.90,0.00
B49,Polypropylene 8. White Bottle Cap,98.39,11.09,5.04,152.86,0.90,0.00
B49,Polypropylene 8. White Bottle Cap,98.61,7.06,5.04,142.85,0.90,0.00
B49,Polypropylene 8. White Bottle Cap,82.64,10.11,4.49,74.20,0.90,0.00
B49,Polypropylene 8. White Bottle Cap,98.74,7.84,3.57,63.86,0.90,0.00
B49,Polypropylene 8. White Bottle Cap,98.38,7.06,6.05,63.86,0.90,0.00
B49,Polypropylene 8. White Bottle Cap,93.87,8.07,4.03,54.04,0.90,0.00
B49,Polypropylene 8. White Bottle Cap,98.52,7.13,4.56,36.14,0.90,0.00
B49,Polypropylene 8. White Bottle Cap,93.46,8.57,4.06,32.05,0.90,0.00
B49,Polypropylene 8. White Bottle Cap,95.15,4.99,3.57,32.05,0.90,0.00
B49,Polypropylene 8. White Bottle Cap,97.08,6.05,3.03,32.05,0.90,0.00
B49,Polypropylene 8. White Bottle Cap,96.81,7.13,3.57,22.58,0.90,0.00
B49,Polypropylene 8. White Bottle Cap,98.25,4.99,2.14,17.45,0.90,0.00
B49,Polypropylene 8. White Bottle Cap,99.27,6.05,3.03,11.33,0.90,0.00
B49,Polypropylene 8. White Bottle Cap,98.54,4.06,2.26,9.95,0.90,0.00
B49,POLYPROPYLENE WITH 20% TALC,87.02,7.06,6.05,111.19,0.90,0.00
B49,POLYPROPYLENE WITH RUBBER CONTENT,90.78,4.51,3.61,32.05,0.90,0.00
B49,"POLYPROPYLENE+VISTALON 404, 1:1",93.46,11.09,11.09,500.79,0.90,0.00
B49,Polystyrene 11. Orange Printer Cartridge,86.91,15.50,8.23,526.04,1.05,0.00
B49,Polystyrene 11. Orange Printer Cartridge,88.31,4.03,3.03,17.45,1.05,0.00
B49,Polystyrene 15. Purple LEGO,77.01,13.57,8.45,202.41,1.05,0.00
B49,Polystyrene 4. White Microsphere,93.91,11.94,4.78,42.57,1.05,0.00
B49,Polystyrene 5. Orange Microsphere,89.95,20.64,13.01,236.64,1.05,0.00
B49,Polystyrene 5. Orange Microsphere,85.75,7.88,4.00,12.78,1.05,0.00
B49,POLYSTYRENE HIGH IMPACT,96.85,13.53,11.27,994.59,1.05,0.00
B49,POLYSTYRENE HIGH IMPACT,95.84,14.42,4.49,99.28,1.05,0.00
B49,POLYSTYRENE HIGH IMPACT,88.55,6.46,4.88,8.62,1.05,0.00
B49,Polyvinyl Chloride 2. Yellow Raincoat,78.71,6.36,3.67,49.35,1.38,0.00
B49,Polyvinyl Chloride 21. Green Slinky Toy,77.51,4.03,3.03,17.45,1.38,0.00
B49,Polyvinyl Chloride 5. Clear Cling Wrap,95.66,5.10,2.55,11.33,1.38,0.00
B49,TEFLON,87.39,8.03,6.23,15.84,2.20,0.00
B49,VIACRYL SC 166,82.54,5.04,4.03,58.88,0.97,0.00
B49,COLOR MASTERBATCH POLY(STYRENE-CO-ACRYLONITRILE) + 50% WHITE PIGMENT,78.24,8.61,4.46,30.07,0.96,0.00
B49,COLOR MASTERBATCH POLY(STYRENE-CO-ACRYLONITRILE) + 50% WHITE PIGMENT,85.61,5.04,4.03,15.84,0.96,0.00
B5,MACRYNAL SM 51ON 60 LG,92.30,14.69,9.79,744.10,1.01,0.00
B5,"NYLON 6,9",81.50,4.03,2.48,11.71,1.08,0.00
B5,PARALOID(TM)B 72,77.30,7.84,4.90,24.04,1.15,0.00
B5,Poly(butylene terephthalate),94.00,4.90,3.92,33.12,1.30,0.00
B5,"POLY(ETHYLENE:PROPYLENE:DIENE) (70% ETHYLENE, 4% DIENE)",96.10,4.90,4.90,53.97,1.30,0.00
B5,POLY[(ACRYLIC ACID):(BUTYL ACRYLATE):(METHACRYL AMIDE):STYRENE],81.50,17.63,14.69,1983.81,1.13,0.00
B5,Polyethylene Terephthalate 8. Clear Juice Bottle,78.20,7.84,4.90,88.34,1.10,0.00
B5,Polyethylene Terephthalate 8. Clear Juice Bottle,83.20,11.08,2.77,25.78,1.10,0.00
B5,Polyvinyl Chloride 10. White Microsphere,90.00,5.54,5.54,24.04,1.38,0.00
B5,Polyvinyl Chloride 13. Grey Cable Cover,75.70,5.88,4.90,56.23,1.38,0.00
B5,Polyvinyl Chloride 13. Grey Cable Cover,76.40,4.90,3.92,20.69,1.38,0.00
B5,Polyvinyl Chloride 13. Grey Cable Cover,76.40,5.88,4.90,53.97,1.38,0.00
B5,Polyvinyl Chloride 13. Grey Cable Cover,76.80,2.77,2.08,9.12,1.38,0.00
B5,Polyvinyl Chloride 13. Grey Cable Cover,81.40,3.72,2.79,10.39,1.38,0.00
B5,Polyvinyl Chloride 13. Grey Cable Cover,81.50,3.92,2.94,15.99,1.38,0.00
B5,Polyvinyl Chloride 13. Grey Cable Cover,81.50,8.98,5.58,45.23,1.38,0.00
B50,Cellulose Acetate 4. White Fiber,88.36,5.78,3.86,26.28,1.30,0.00
B50,Cellulose Acetate 4. White Fiber,78.85,10.24,1.96,19.73,1.30,0.00
B50,Cellulose Acetate 4. White Fiber,88.98,6.78,2.34,15.25,1.30,0.00
B50,Cellulose Acetate 4. White Fiber,86.01,5.62,2.14,12.48,1.30,0.00
B50,POLY[(ACRYLIC ACID):(BUTYL ACRYLATE):(METHACRYL AMIDE):STYRENE],78.81,14.04,9.23,260.03,1.13,0.00
B50,POLYPROPYLENE + YELLOW PIGMENT #2,78.72,4.09,2.05,11.17,0.90,0.00
B50,Polypropylene 10. Black Battery Holder,98.68,18.12,13.11,847.41,0.90,0.00
B50,Polypropylene 10. Black Battery Holder,94.70,20.10,7.08,398.92,0.90,0.00
B50,Polypropylene 5. White Food Wrapper,89.25,2.89,2.89,11.17,0.90,0.00
B50,Polypropylene 7. White Toothbrush Handle,97.16,7.72,3.51,22.93,0.90,0.00
B50,Polypropylene 8. White Bottle Cap,97.22,30.72,10.82,1526.82,0.90,0.00
B50,Polypropylene 8. White Bottle Cap,98.70,14.46,12.53,1146.37,0.90,0.00
B50,Polypropylene 8. White Bottle Cap,98.03,14.32,10.91,947.48,0.90,0.00
B50,Polypropylene 8. White Bottle Cap,98.52,8.62,8.19,290.01,0.90,0.00
B50,Polypropylene 8. White Bottle Cap,99.13,6.14,4.09,81.73,0.90,0.00
B50,Polypropylene 8. White Bottle Cap,98.87,9.68,7.64,76.77,0.90,0.00
B50,"POLYPROPYLENE+VISTALON 404, 1:1",96.38,33.40,25.90,11348.84,0.90,0.01
B50,"POLYPROPYLENE+VISTALON 404, 1:1",88.58,23.79,7.89,874.83,0.90,0.00
B50,POLYSORBATE 80 STANDARD,78.84,3.86,3.86,15.25,1.06,0.00
B51,COLOR MASTERBATCH POLY[ETHYLENE-CO-(VINYL ACETATE)] + 45% YELLOW PIGMENT #3,90.16,11.90,3.89,111.60,0.95,0.00
B51,COLOR MASTERBATCH POLY[ETHYLENE-CO-(VINYL ACETATE)] + 45% YELLOW PIGMENT #3,91.43,6.75,5.48,103.72,0.95,0.00
B51,COLOR MASTERBATCH POLY[ETHYLENE-CO-(VINYL ACETATE)] + 45% YELLOW PIGMENT #3,94.60,6.60,3.77,67.37,0.95,0.00
B51,COLOR MASTERBATCH POLY[ETHYLENE-CO-(VINYL ACETATE)] + 45% YELLOW PIGMENT #3,75.27,6.67,4.00,60.75,0.95,0.00
B51,COLOR MASTERBATCH POLY[ETHYLENE-CO-(VINYL ACETATE)] + 45% YELLOW PIGMENT #3,78.80,6.67,4.00,60.75,0.95,0.00
B51,COLOR MASTERBATCH POLY[ETHYLENE-CO-(VINYL ACETATE)] + 45% YELLOW PIGMENT #3,83.96,7.07,4.00,44.24,0.95,0.00
B51,COLOR MASTERBATCH POLY[ETHYLENE-CO-(VINYL ACETATE)] + 45% YELLOW PIGMENT #3,82.53,5.76,3.40,36.67,0.95,0.00
B51,COLOR MASTERBATCH POLY[ETHYLENE-CO-(VINYL ACETATE)] + 45% YELLOW PIGMENT #3,93.80,4.72,3.77,27.90,0.95,0.00
B51,COLOR MASTERBATCH POLY[ETHYLENE-CO-(VINYL ACETATE)] + 45% YELLOW PIGMENT #3,92.46,4.47,2.39,14.28,0.95,0.00
B51,COLOR MASTERBATCH POLY[ETHYLENE-CO-(VINYL ACETATE)] + 45% YELLOW PIGMENT #3,76.25,3.80,2.53,11.69,0.95,0.00
B51,COLOR MASTERBATCH POLY[ETHYLENE-CO-(VINYL ACETATE)] + 45% YELLOW PIGMENT #4,93.14,2.83,2.83,11.69,0.95,0.00
B51,POLY[(ACRYLIC ACID):(BUTYL ACRYLATE):(METHACRYL AMIDE):STYRENE],88.06,8.00,8.00,250.48,1.13,0.00
B51,POLY[(ACRYLIC ACID):(BUTYL ACRYLATE):(METHACRYL AMIDE):STYRENE],81.40,7.21,4.07,52.28,1.13,0.00
B51,POLYALKYLBENZENE,91.02,3.77,2.83,23.03,0.85,0.00
B51,VIACRYL SC 166,90.00,12.26,10.38,768.32,0.97,0.00
B52,"ALPEX CK-450, CYCLIZED RUBBER",81.65,6.50,2.55,27.13,1.00,0.00
B52,"NYLON 6,6",92.94,25.38,22.49,6558.04,1.08,0.01
B52,"NYLON 6,6",95.16,15.29,13.25,1215.92,1.08,0.00
B52,"NYLON 6,6",95.77,17.06,8.41,749.88,1.08,0.00
B52,"NYLON 6,6",98.00,11.24,8.43,260.99,1.08,0.00
B52,Polyamide 1. White Cable Tie,77.26,15.29,10.20,894.78,1.30,0.00
B52,Polyamide 2. White Pellet,96.48,33.08,32.80,14183.44,1.30,0.02
B52,Polyamide 2. White Pellet,96.87,34.12,21.51,10834.86,1.30,0.01
B52,Polyamide 2. White Pellet,97.63,27.99,23.39,9141.54,1.30,0.01
B52,Polyamide 2. White Pellet,96.56,24.47,23.45,7635.68,1.30,0.01
B52,Polyamide 2. White Pellet,97.62,33.28,19.27,5905.52,1.30,0.01
B52,Polyamide 2. White Pellet,97.04,23.07,21.63,5616.54,1.30,0.01
B52,Polyamide 2. White Pellet,93.96,31.91,15.67,4681.76,1.30,0.01
B52,Polyamide 2. White Pellet,97.44,22.98,15.63,2862.84,1.30,0.00
B52,Polyamide 2. White Pellet,97.91,24.98,15.58,2063.24,1.30,0.00
B52,Polyamide 2. White Pellet,96.63,15.29,15.29,1751.51,1.30,0.00
B52,Polyamide 2. White Pellet,94.74,13.86,12.44,755.74,1.30,0.00
B52,Polyamide 2. White Pellet,96.33,12.24,9.18,502.36,1.30,0.00
B52,Polyamide 2. White Pellet,96.86,11.22,11.22,248.73,1.30,0.00
B52,Polyamide 2. White Pellet,98.29,10.40,6.93,224.79,1.30,0.00
B52,Polyamide 2. White Pellet,96.98,9.18,7.14,209.30,1.30,0.00
B52,Polyamide 2. White Pellet,98.08,13.25,5.10,121.30,1.30,0.00
B52,Polyamide 2. White Pellet,98.14,7.30,5.93,85.09,1.30,0.00
B52,Polyamide 2. White Pellet,97.89,6.38,4.56,63.44,1.30,0.00
B52,Polyamide 2. White Pellet,96.49,9.37,5.05,48.65,1.30,0.00
B52,Polyamide 2. White Pellet,98.14,8.66,3.65,21.53,1.30,0.00
B52,Polyamide 2. White Pellet,90.21,6.84,2.74,21.53,1.30,0.00
B52,POLYSTYRENE HIGH IMPACT,95.58,12.86,5.69,244.68,1.05,0.00
B53,COLOR MASTERBATCH POLY[ETHYLENE-CO-(VINYL ACETATE)] + 45% YELLOW PIGMENT #3,83.61,8.03,3.44,58.70,0.95,0.00
B53,COLOR MASTERBATCH POLY[ETHYLENE-CO-(VINYL ACETATE)] + 45% YELLOW PIGMENT #3,77.52,6.69,3.82,58.70,0.95,0.00
B53,COLOR MASTERBATCH POLY[ETHYLENE-CO-(VINYL ACETATE)] + 45% YELLOW PIGMENT #3,76.01,5.41,4.73,54.36,0.95,0.00
B53,COLOR MASTERBATCH POLY[ETHYLENE-CO-(VINYL ACETATE)] + 45% YELLOW PIGMENT #3,92.76,7.64,3.82,46.00,0.95,0.00
B53,COLOR MASTERBATCH POLY[ETHYLENE-CO-(VINYL ACETATE)] + 45% YELLOW PIGMENT #3,79.95,7.12,3.19,27.28,0.95,0.00
B53,COLOR MASTERBATCH POLY[ETHYLENE-CO-(VINYL ACETATE)] + 45% YELLOW PIGMENT #3,89.28,4.05,2.70,17.72,0.95,0.00
B53,COLOR MASTERBATCH POLY[ETHYLENE-CO-(VINYL ACETATE)] + 45% YELLOW PIGMENT #3,82.37,4.05,2.70,17.72,0.95,0.00
B53,COLOR MASTERBATCH POLY[ETHYLENE-CO-(VINYL ACETATE)] + 45% YELLOW PIGMENT #3,81.10,3.82,2.87,16.27,0.95,0.00
B53,COLOR MASTERBATCH POLY[ETHYLENE-CO-(VINYL ACETATE)] + 45% YELLOW PIGMENT #3,77.24,3.38,3.38,13.48,0.95,0.00
B53,COLOR MASTERBATCH POLY[ETHYLENE-CO-(VINYL ACETATE)] + 45% YELLOW PIGMENT #3,79.22,3.93,2.42,10.88,0.95,0.00
B53,COLOR MASTERBATCH POLY[ETHYLENE-CO-(VINYL ACETATE)] + 45% YELLOW PIGMENT #3,88.29,3.98,2.39,8.47,0.95,0.00
B53,COLOR MASTERBATCH POLY[ETHYLENE-CO-(VINYL ACETATE)] + 45% YELLOW PIGMENT #4,77.89,12.84,10.81,671.14,0.95,0.00
B53,COLOR MASTERBATCH POLY[ETHYLENE-CO-(VINYL ACETATE)] + 45% YELLOW PIGMENT #4,79.47,10.51,6.69,191.56,0.95,0.00
B53,COLOR MASTERBATCH POLY[ETHYLENE-CO-(VINYL ACETATE)] + 45% YELLOW PIGMENT #4,89.50,11.54,5.52,107.84,0.95,0.00
B53,COLOR MASTERBATCH POLY[ETHYLENE-CO-(VINYL ACETATE)] + 45% YELLOW PIGMENT #4,89.78,6.76,5.41,102.50,0.95,0.00
B53,COLOR MASTERBATCH POLY[ETHYLENE-CO-(VINYL ACETATE)] + 45% YELLOW PIGMENT #4,91.59,7.69,5.56,97.24,0.95,0.00
B53,COLOR MASTERBATCH POLY[ETHYLENE-CO-(VINYL ACETATE)] + 45% YELLOW PIGMENT #4,92.87,6.76,4.73,65.43,0.95,0.00
B53,COLOR MASTERBATCH POLY[ETHYLENE-CO-(VINYL ACETATE)] + 45% YELLOW PIGMENT #4,79.51,4.78,3.82,48.05,0.95,0.00
B53,COLOR MASTERBATCH POLY[ETHYLENE-CO-(VINYL ACETATE)] + 45% YELLOW PIGMENT #4,81.47,5.73,2.87,27.28,0.95,0.00
B53,COLOR MASTERBATCH POLY[ETHYLENE-CO-(VINYL ACETATE)] + 45% YELLOW PIGMENT #4,80.61,6.69,2.87,22.33,0.95,0.00
B53,COLOR MASTERBATCH POLY[ETHYLENE-CO-(VINYL ACETATE)] + 45% YELLOW PIGMENT #4,80.13,5.56,2.56,19.22,0.95,0.00
B53,COLOR MASTERBATCH POLY[ETHYLENE-CO-(VINYL ACETATE)] + 45% YELLOW PIGMENT #4,83.94,3.38,2.70,13.48,0.95,0.00
B53,COLOR MASTERBATCH POLY[ETHYLENE-CO-(VINYL ACETATE)] + 45% YELLOW PIGMENT #4,86.48,4.73,2.70,12.16,0.95,0.00
B53,COLOR MASTERBATCH POLY[ETHYLENE-CO-(VINYL ACETATE)] + 45% YELLOW PIGMENT #4,87.30,2.87,2.87,12.16,0.95,0.00
B53,COLOR MASTERBATCH POLY[ETHYLENE-CO-(VINYL ACETATE)] + 45% YELLOW PIGMENT #4,79.25,4.87,2.78,9.65,0.95,0.00
B53,COLOR MASTERBATCH POLYPROPYLENE + 70% WHITE PIGMENT,81.08,5.83,5.57,79.59,2.00,0.00
B53,"NYLON 6,6",95.62,5.73,4.78,25.60,1.08,0.00
B53,"POLY(ETHYLENE:PROPYLENE:DIENE) (50% ETHYLENE, 8% DIENE)",93.73,8.60,6.69,77.17,1.30,0.00
B53,POLY[(ACRYLIC ACID):(BUTYL ACRYLATE):(METHACRYL AMIDE):STYRENE],92.48,4.05,2.03,10.88,1.13,0.00
B53,POLYALKYLBENZENE,84.71,3.85,2.14,8.47,0.85,0.00
B53,Polyamide 2. White Pellet,97.08,8.60,7.64,320.41,1.30,0.00
B53,Polyamide 2. White Pellet,96.65,12.99,11.65,312.69,1.30,0.00
B53,Polyamide 2. White Pellet,96.90,13.38,6.69,232.04,1.30,0.00
B53,Polyamide 2. White Pellet,96.68,15.06,4.02,218.26,1.30,0.00
B53,Polyamide 2. White Pellet,85.27,15.29,6.69,188.30,1.30,0.00
B53,Polyamide 2. White Pellet,96.04,9.56,6.75,178.64,1.30,0.00
B53,Polyamide 2. White Pellet,93.85,9.80,7.37,153.74,1.30,0.00
B53,Polyamide 2. White Pellet,89.81,12.56,4.31,150.72,1.30,0.00
B53,Polyamide 2. White Pellet,98.34,10.60,6.12,144.73,1.30,0.00
B53,Polyamide 2. White Pellet,96.75,7.43,5.41,113.28,1.30,0.00
B53,Polyamide 2. White Pellet,83.73,5.41,3.38,32.56,1.30,0.00
B53,Polyamide 2. White Pellet,90.15,4.23,4.23,30.76,1.30,0.00
B53,Polyamide 2. White Pellet,96.66,10.68,4.87,27.28,1.30,0.00
B53,Polyamide 2. White Pellet,96.73,5.83,3.45,14.85,1.30,0.00
B53,Polyamide 2. White Pellet,98.08,4.05,2.70,14.85,1.30,0.00
B53,Polyamide 2. White Pellet,95.52,4.27,2.14,12.16,1.30,0.00
B53,Polyamide 2. White Pellet,97.53,2.87,2.87,10.88,1.30,0.00
B53,Polyamide 2. White Pellet,97.82,5.30,2.65,9.65,1.30,0.00
B53,Polyethylene 6. White Microsphere,78.94,7.84,2.87,25.60,0.91,0.00
B53,Polyethylene 6. White Microsphere,76.44,4.05,2.03,13.48,0.91,0.00
B53,POLYOXYETHYLENE(10) OCTYLPHENYL ETHER,81.94,18.16,8.60,767.54,1.01,0.00
B53,POLYPROPYLENE + YELLOW PIGMENT #2,78.42,6.41,3.42,25.60,0.90,0.00
B53,POLYPROPYLENE + YELLOW PIGMENT #2,89.89,3.82,2.87,22.33,0.90,0.00
B53,POLYPROPYLENE + YELLOW PIGMENT #2,89.07,3.82,3.82,20.76,0.90,0.00
B53,POLYPROPYLENE + YELLOW PIGMENT #2,81.49,6.08,2.70,19.22,0.90,0.00
B53,POLYPROPYLENE + YELLOW PIGMENT #2,78.33,3.82,3.82,17.72,0.90,0.00
B53,POLYPROPYLENE + YELLOW PIGMENT #2,80.82,4.73,3.38,17.72,0.90,0.00
B53,POLYPROPYLENE + YELLOW PIGMENT #2,75.30,7.64,4.78,16.27,0.90,0.00
B53,POLYPROPYLENE + YELLOW PIGMENT #2,86.85,4.70,3.42,16.27,0.90,0.00
B53,POLYPROPYLENE + YELLOW PIGMENT #2,91.02,5.68,3.02,16.27,0.90,0.00
B53,POLYPROPYLENE + YELLOW PIGMENT #2,76.93,4.05,2.70,13.48,0.90,0.00
B53,POLYPROPYLENE + YELLOW PIGMENT #2,86.69,6.36,3.18,13.48,0.90,0.00
B53,POLYPROPYLENE + YELLOW PIGMENT #2,85.68,2.87,2.87,12.16,0.90,0.00
B53,POLYPROPYLENE + YELLOW PIGMENT #2,83.75,4.05,3.38,9.65,0.90,0.00
B53,POLYPROPYLENE + YELLOW PIGMENT #2,89.72,2.70,2.70,8.47,0.90,0.00
B53,Polypropylene 10. Black Battery Holder,90.54,43.96,27.71,20104.29,0.90,0.02
B53,Polypropylene 10. Black Battery Holder,87.95,12.60,10.29,541.80,0.90,0.00
B53,Polypropylene 10. Black Battery Holder,99.02,9.54,6.63,185.06,0.90,0.00
B53,Polypropylene 8. White Bottle Cap,98.27,29.68,15.37,2432.61,0.90,0.00
B53,Polyvinyl Chloride 2. Yellow Raincoat,76.54,5.14,1.81,10.88,1.38,0.00
B53,Polyvinyl Chloride 21. Green Slinky Toy,79.73,5.56,2.99,20.76,1.38,0.00
B53,TEFLON,80.54,4.70,3.85,38.13,2.20,0.00
B53,VIACRYL SC 166,83.42,6.31,3.63,42.00,0.97,0.00
B54,"DUTRAL PMX 9710, COPOLYMER EPDM TYPE",97.14,4.04,3.03,19.21,1.14,0.00
B54,POLY(M-PHENYLENE ISOPTHALAMIDE)/(VISCOSE),76.63,26.85,9.70,661.97,1.38,0.00
B54,Polystyrene 1. Brown Coffee Cup Lid,88.04,2.86,2.14,10.00,1.05,0.00
B54,Polystyrene 3. White Foam Container,84.25,11.43,11.43,734.96,1.05,0.00
B54,Polystyrene 4. White Microsphere,89.11,4.79,4.15,32.23,1.05,0.00
B54,VIACRYL SC 166,87.69,6.62,3.43,28.29,0.97,0.00
B55,"NYLON 6,6",84.44,9.02,2.67,23.62,1.08,0.00
B56,Cellulose Acetate 4. White Fiber,84.53,35.83,6.90,867.21,1.30,0.00
B56,Cellulose Acetate 4. White Fiber,91.20,21.10,2.54,54.18,1.30,0.00
B56,CELLULOSE PROPIONATE,83.50,5.80,3.87,33.77,1.23,0.00
B56,COLOR MASTERBATCH POLY(STYRENE-CO-ACRYLONITRILE) + 50% WHITE PIGMENT,90.87,5.47,4.10,39.56,0.96,0.00
B56,"LEVAFLEX EP-390, POLYPROPYLENE BASED",89.81,10.64,4.84,202.12,1.00,0.00
B56,POLYALKYLBENZENE,81.39,7.74,4.84,111.88,0.85,0.00
B56,Polyvinyl Chloride 21. Green Slinky Toy,75.23,7.79,4.76,95.52,1.38,0.00
B56,Polyvinyl Chloride 21. Green Slinky Toy,77.99,7.74,6.77,80.05,1.38,0.00
B56,Polyvinyl Chloride 21. Green Slinky Toy,76.79,5.47,4.79,24.84,1.38,0.00
B56,VIACRYL SC 166,92.26,7.74,5.80,144.02,0.97,0.00
B56,VIACRYL SC 166,95.20,12.54,5.81,144.02,0.97,0.00
B56,VIACRYL SC 166,92.03,6.16,5.47,98.19,0.97,0.00
B6,POLYPOX R14,81.90,5.22,2.61,11.20,1.13,0.00
B6,POLYPOX R14,82.00,5.54,3.69,9.17,1.13,0.00
B6,POLYPOX R14,85.90,5.07,4.10,42.63,1.13,0.00
B6,Polypropylene 10. Black Battery Holder,81.90,5.06,0.78,1.40,0.90,0.00
B6,Polypropylene 10. Black Battery Holder,90.50,22.36,9.70,419.17,0.90,0.00
B6,Polypropylene 10. Black Battery Holder,98.90,21.75,14.79,2553.10,0.90,0.00
B6,Polypropylene 10. Black Battery Holder,99.10,29.77,15.75,3325.27,0.90,0.00
B6,Polystyrene 1. Brown Coffee Cup Lid,92.60,3.48,2.61,3.24,1.05,0.00
B6,TEFLON,84.10,3.48,2.61,15.66,2.20,0.00
B6,TEFLON,84.70,5.22,3.48,9.17,2.20,0.00
B6,TEFLON,85.40,3.08,2.46,0.91,2.20,0.00
B6,"ALPEX CK-450, CYCLIZED RUBBER",86.20,8.70,6.96,182.96,1.00,0.00
B6,Cellulose Acetate 4. White Fiber,85.80,13.25,2.07,8.20,1.30,0.00
B6,Cellulose Acetate 4. White Fiber,87.40,13.92,5.61,199.18,1.30,0.00
B6,Cellulose Acetate 4. White Fiber,88.60,33.76,9.79,1869.47,1.30,0.00
B6,Cellulose Acetate 4. White Fiber,88.90,15.99,6.77,370.97,1.30,0.00
B6,Cellulose Acetate 4. White Fiber,89.50,7.15,2.20,7.28,1.30,0.00
B6,Cellulose Acetate 4. White Fiber,90.00,22.64,14.69,2099.44,1.30,0.00
B6,Cellulose Acetate 4. White Fiber,90.50,6.09,2.61,7.28,1.30,0.00
B6,Cellulose Acetate 4. White Fiber,92.10,7.77,2.87,28.76,1.30,0.00
B6,CELLULOSE PROPIONATE,75.50,34.79,13.05,3062.64,1.23,0.00
B6,"KELTAN 314, COPOLYMER EPDM TYPE",79.30,23.12,10.89,1485.07,0.86,0.00
B6,Poly(isobutylene-co-isoprene),81.00,2.61,2.61,5.54,0.92,0.00
B7,Cellulose Acetate 4. White Fiber,75.77,3.14,1.45,2.57,1.30,0.00
B7,Cellulose Acetate 4. White Fiber,78.83,26.36,6.33,271.12,1.30,0.00
B7,Cellulose Acetate 4. White Fiber,79.11,6.15,1.23,4.72,1.30,0.00
B7,Cellulose Acetate 4. White Fiber,80.17,6.26,4.70,33.13,1.30,0.00
B7,Cellulose Acetate 4. White Fiber,80.84,8.61,2.46,30.17,1.30,0.00
B7,Cellulose Acetate 4. White Fiber,83.48,9.33,1.94,14.48,1.30,0.00
B7,Cellulose Acetate 4. White Fiber,85.75,7.38,1.84,14.48,1.30,0.00
B7,Cellulose Acetate 4. White Fiber,86.33,12.69,3.83,24.52,1.30,0.00
B7,Cellulose Acetate 4. White Fiber,86.51,16.28,11.32,539.51,1.30,0.00
B7,Cellulose Acetate 4. White Fiber,86.99,15.65,13.04,479.60,1.30,0.00
B7,Cellulose Acetate 4. White Fiber,87.38,10.61,1.21,2.57,1.30,0.00
B7,Cellulose Acetate 4. White Fiber,88.68,7.39,2.72,25.90,1.30,0.00
B7,Cellulose Acetate 4. White Fiber,88.91,10.49,1.61,14.48,1.30,0.00
B7,Cellulose Acetate 4. White Fiber,89.08,22.60,10.66,1208.81,1.30,0.00
B7,Cellulose Acetate 4. White Fiber,90.81,21.87,8.43,415.08,1.30,0.00
B7,Cellulose Acetate 4. White Fiber,91.18,4.52,1.39,2.57,1.30,0.00
B7,Cellulose Acetate 4. White Fiber,91.65,11.22,5.94,61.80,1.30,0.00
B7,Cellulose Acetate 4. White Fiber,92.67,25.82,12.30,2594.49,1.30,0.00
B7,COLOR MASTERBATCH POLYSTYRENE + 50% WHITE PIGMENT,83.63,24.59,15.98,3147.26,2.00,0.01
B7,"NYLON 6,6",96.80,7.83,6.96,159.29,1.08,0.00
B7,"NYLON 6,9",80.12,63.18,13.48,7910.47,1.08,0.01
B7,Poly(butylene terephthalate),91.80,36.44,18.84,4609.43,1.30,0.01
B7,POLY(NEOPENTYLENE TEREPHTHALATE),92.52,43.26,17.86,5436.15,1.39,0.01
B7,POLYETHYLENE GLYCOL 400,75.17,3.48,3.48,14.48,1.13,0.00
B7,POLYETHYLENE GLYCOL 400,85.02,23.79,12.87,2530.33,1.13,0.00
B7,Polymethylphenylsiloxane,85.00,15.80,10.95,724.31,1.10,0.00
B7,Polymethylphenylsiloxane,95.09,4.35,3.48,11.19,1.10,0.00
B7,POLYOXYETHYLENE(10) OCTYLPHENYL ETHER,85.64,10.68,7.55,274.16,1.08,0.00
B7,POLYOXYETHYLENE(10) OCTYLPHENYL ETHER,86.49,3.62,0.97,1.40,1.08,0.00
B7,POLYPOX R14,76.25,5.22,4.35,49.28,1.13,0.00
B7,POLYPOX R14,81.46,6.75,2.89,28.72,1.13,0.00
B7,Polypropylene 10. Black Battery Holder,84.63,20.91,10.18,695.04,0.90,0.00
B7,Polypropylene 10. Black Battery Holder,93.85,10.43,6.96,283.35,0.90,0.00
B7,Polypropylene 10. Black Battery Holder,93.95,6.48,3.75,52.76,0.90,0.00
B7,Polypropylene 10. Black Battery Holder,95.83,38.61,18.63,5174.46,0.90,0.00
B7,Polypropylene 10. Black Battery Holder,98.30,37.40,24.16,10562.77,0.90,0.01
B7,Polypropylene 10. Black Battery Holder,98.33,42.38,24.88,10624.56,0.90,0.01
B7,Polypropylene 10. Black Battery Holder,98.41,16.92,6.89,305.18,0.90,0.00
B7,Polypropylene 10. Black Battery Holder,98.67,43.40,19.53,10255.63,0.90,0.01
B7,Polypropylene 10. Black Battery Holder,98.82,14.78,10.43,944.76,0.90,0.00
B7,Polypropylene 8. White Bottle Cap,96.81,82.49,53.98,79854.33,0.90,0.07
B7,Polypropylene 8. White Bottle Cap,98.41,4.92,2.46,8.19,0.90,0.00
B7,Polypropylene 8. White Bottle Cap,98.60,29.39,24.89,8192.41,0.90,0.01
B7,Polypropylene 8. White Bottle Cap,98.87,8.52,3.02,19.28,0.90,0.00
B7,Polystyrene 1. Brown Coffee Cup Lid,82.59,13.04,10.43,832.10,1.05,0.00
B7,Polystyrene 1. Brown Coffee Cup Lid,85.47,11.68,7.38,394.27,1.05,0.00
B7,POLYSTYRENE HIGH IMPACT,93.87,4.77,3.75,24.52,1.05,0.00
B7,POLYSTYRENE HIGH IMPACT,94.38,20.00,14.78,2466.70,1.05,0.00
B7,POLYSTYRENE HIGH IMPACT,94.46,6.96,5.22,125.06,1.05,0.00
B7,POLYSTYRENE HIGH IMPACT,94.87,18.75,10.87,1071.68,1.05,0.00
B7,POLYSTYRENE HIGH IMPACT,95.65,13.91,9.56,881.09,1.05,0.00
B7,POLYSTYRENE HIGH IMPACT,96.59,13.04,11.30,858.70,1.05,0.00
B7,POLYSTYRENE HIGH IMPACT,97.67,15.46,11.04,1043.02,1.05,0.00
B7,Polyvinyl Chloride 13. Grey Cable Cover,75.72,6.05,5.50,56.32,1.38,0.00
B7,Polyvinyl Chloride 13. Grey Cable Cover,80.73,4.28,1.17,1.95,1.38,0.00
B7,Polyvinyl Chloride 13. Grey Cable Cover,81.25,7.16,1.79,3.24,1.38,0.00
B7,Polyvinyl Chloride 13. Grey Cable Cover,81.75,5.53,1.84,9.16,1.38,0.00
B7,Polyvinyl Chloride 13. Grey Cable Cover,81.97,6.96,6.09,75.22,1.38,0.00
B7,Polyvinyl Chloride 13. Grey Cable Cover,82.57,6.76,1.84,1.95,1.38,0.00
B7,Polyvinyl Chloride 13. Grey Cable Cover,83.28,5.22,2.61,4.72,1.38,0.00
B7,Polyvinyl Chloride 13. Grey Cable Cover,84.67,6.43,2.61,13.35,1.38,0.00
B7,TEFLON,75.08,3.48,2.61,10.15,2.20,0.00
B7,TEFLON,75.08,8.02,3.23,4.72,2.20,0.00
B7,TEFLON,75.57,4.01,1.90,3.24,2.20,0.00
B7,TEFLON,76.02,3.69,1.84,6.38,2.20,0.00
B7,TEFLON,76.03,3.07,1.84,2.57,2.20,0.00
B7,TEFLON,76.53,3.48,3.48,10.15,2.20,0.00
B7,TEFLON,77.17,6.09,6.09,104.57,2.20,0.00
B7,TEFLON,77.39,5.53,4.92,75.22,2.20,0.00
B7,TEFLON,77.63,3.48,3.48,21.85,2.20,0.00
B7,TEFLON,78.13,2.46,1.84,4.72,2.20,0.00
B7,TEFLON,78.20,4.67,2.33,11.19,2.20,0.00
B7,TEFLON,78.30,2.61,2.61,11.19,2.20,0.00
B7,TEFLON,78.58,3.07,2.46,7.27,2.20,0.00
B7,TEFLON,78.73,5.06,3.50,34.65,2.20,0.00
B7,TEFLON,78.95,3.62,0.97,0.49,2.20,0.00
B7,TEFLON,79.19,3.69,3.07,19.28,2.20,0.00
B7,TEFLON,79.46,3.38,2.65,6.38,2.20,0.00
B7,TEFLON,79.53,6.15,6.15,69.36,2.20,0.00
B7,TEFLON,79.83,2.46,1.84,6.38,2.20,0.00
B7,TEFLON,80.41,3.02,2.75,5.53,2.20,0.00
B7,TEFLON,80.46,3.69,2.46,13.35,2.20,0.00
B7,TEFLON,80.47,3.89,2.72,0.91,2.20,0.00
B7,TEFLON,80.83,4.43,4.43,0.91,2.20,0.00
B7,TEFLON,81.90,3.89,2.72,16.82,2.20,0.00
B7,TEFLON,81.97,4.30,3.07,23.17,2.20,0.00
B7,TEFLON,82.65,2.46,1.84,0.91,2.20,0.00
B7,TEFLON,82.73,3.48,2.61,13.35,2.20,0.00
B7,TEFLON,82.76,3.48,2.61,13.35,2.20,0.00
B7,TEFLON,83.12,5.22,5.22,63.66,2.20,0.00
B7,TEFLON,83.80,4.35,3.48,24.52,2.20,0.00
B7,TEFLON,84.11,2.61,2.61,8.19,2.20,0.00
B7,TEFLON,84.37,3.69,0.62,0.18,2.20,0.00
B7,TEFLON,84.82,2.61,2.61,8.19,2.20,0.00
B7,TEFLON,85.25,4.92,2.46,5.53,2.20,0.00
B7,TEFLON,85.34,4.10,1.69,3.96,2.20,0.00
B7,TEFLON,88.02,4.67,3.11,24.52,2.20,0.00
B7,TEFLON,89.25,5.22,4.35,44.22,2.20,0.00
B8,Acrylonitrile Butadiene Styrene 1. Orange LEGO,86.17,25.05,13.30,1909.08,1.09,0.00
B8,Cellulose Acetate 4. White Fiber,78.87,4.85,2.91,8.84,1.30,0.00
B8,Cellulose Acetate 4. White Fiber,82.34,5.48,2.06,5.48,1.30,0.00
B8,Cellulose Acetate 4. White Fiber,82.72,2.91,2.91,14.07,1.30,0.00
B8,Cellulose Acetate 4. White Fiber,85.36,3.43,2.74,14.07,1.30,0.00
B8,Cellulose Acetate 4. White Fiber,85.55,3.90,2.60,12.69,1.30,0.00
B8,Cellulose Acetate 4. White Fiber,86.49,6.01,3.30,25.00,1.30,0.00
B8,Cellulose Acetate 4. White Fiber,87.61,3.43,2.74,14.07,1.30,0.00
B8,Cellulose Acetate 4. White Fiber,87.95,3.50,1.88,3.56,1.30,0.00
B8,Cellulose Acetate 4. White Fiber,88.75,10.58,3.29,39.81,1.30,0.00
B8,Cellulose Acetate 4. White Fiber,88.92,7.12,4.24,33.99,1.30,0.00
B8,Cellulose Acetate 4. White Fiber,89.02,6.44,2.76,18.50,1.30,0.00
B8,Cellulose Acetate 4. White Fiber,89.67,8.87,4.57,80.57,1.30,0.00
B8,Cellulose Acetate 4. White Fiber,90.36,3.68,3.68,10.07,1.30,0.00
B8,Cellulose Acetate 4. White Fiber,92.96,3.37,2.45,0.24,1.30,0.00
B8,COLOR MASTERBATCH POLY[ETHYLENE-CO-(VINYL ACETATE)] + 45% YELLOW PIGMENT #3,93.65,7.72,5.33,14.07,0.95,0.00
B8,POLY[(ACRYLIC ACID):(BUTYL ACRYLATE):(METHACRYL AMIDE):STYRENE],80.71,12.41,7.17,375.79,1.13,0.00
B8,POLYALKYLBENZENE,84.20,25.58,21.68,6120.50,0.85,0.01
B8,POLYETHYLENE GLYCOL 200,77.17,5.65,3.23,20.06,0.91,0.00
B8,Polyvinyl Chloride 13. Grey Cable Cover,75.15,4.77,2.60,12.69,1.38,0.00
B8,Polyvinyl Chloride 13. Grey Cable Cover,75.24,13.68,6.12,245.90,1.38,0.00
B8,Polyvinyl Chloride 13. Grey Cable Cover,75.34,6.48,3.16,28.48,1.38,0.00
B8,Polyvinyl Chloride 13. Grey Cable Cover,75.36,2.91,2.91,16.98,1.38,0.00
B8,Polyvinyl Chloride 13. Grey Cable Cover,75.71,6.50,6.07,63.60,1.38,0.00
B8,Polyvinyl Chloride 13. Grey Cable Cover,75.89,4.11,2.74,18.50,1.38,0.00
B8,Polyvinyl Chloride 13. Grey Cable Cover,76.13,5.82,4.85,78.06,1.38,0.00
B8,Polyvinyl Chloride 13. Grey Cable Cover,76.13,2.74,2.06,0.24,1.38,0.00
B8,Polyvinyl Chloride 13. Grey Cable Cover,76.17,11.29,6.35,196.59,1.38,0.00
B8,Polyvinyl Chloride 13. Grey Cable Cover,76.21,7.54,6.85,78.06,1.38,0.00
B8,Polyvinyl Chloride 13. Grey Cable Cover,76.29,14.51,7.99,445.06,1.38,0.00
B8,Polyvinyl Chloride 13. Grey Cable Cover,76.32,2.91,2.91,12.69,1.38,0.00
B8,Polyvinyl Chloride 13. Grey Cable Cover,76.58,4.29,3.07,16.98,1.38,0.00
B8,Polyvinyl Chloride 13. Grey Cable Cover,76.59,10.66,6.79,166.89,1.38,0.00
B8,Polyvinyl Chloride 13. Grey Cable Cover,76.63,5.48,4.80,63.60,1.38,0.00
B8,Polyvinyl Chloride 13. Grey Cable Cover,77.26,3.88,2.91,6.54,1.38,0.00
B8,Polyvinyl Chloride 13. Grey Cable Cover,77.37,5.82,4.85,35.89,1.38,0.00
B8,Polyvinyl Chloride 13. Grey Cable Cover,77.66,3.43,2.74,14.07,1.38,0.00
B8,Polyvinyl Chloride 13. Grey Cable Cover,77.72,5.64,3.47,11.36,1.38,0.00
B8,Polyvinyl Chloride 13. Grey Cable Cover,78.12,3.07,2.45,2.71,1.38,0.00
B8,Polyvinyl Chloride 13. Grey Cable Cover,78.20,3.88,2.91,7.66,1.38,0.00
B8,Polyvinyl Chloride 13. Grey Cable Cover,78.52,5.82,4.85,68.31,1.38,0.00
B8,Polyvinyl Chloride 13. Grey Cable Cover,78.84,3.88,2.91,21.67,1.38,0.00
B8,Polyvinyl Chloride 13. Grey Cable Cover,78.90,3.07,2.76,2.71,1.38,0.00
B8,Polyvinyl Chloride 13. Grey Cable Cover,79.12,6.07,2.60,8.84,1.38,0.00
B8,Polyvinyl Chloride 13. Grey Cable Cover,79.12,4.11,1.37,4.49,1.38,0.00
B8,Polyvinyl Chloride 13. Grey Cable Cover,79.25,3.99,2.76,10.07,1.38,0.00
B8,Polyvinyl Chloride 13. Grey Cable Cover,79.26,6.07,3.47,11.36,1.38,0.00
B8,Polyvinyl Chloride 13. Grey Cable Cover,79.40,6.50,3.47,43.85,1.38,0.00
B8,Polyvinyl Chloride 13. Grey Cable Cover,79.69,9.10,2.60,20.06,1.38,0.00
B8,Polyvinyl Chloride 13. Grey Cable Cover,79.72,4.11,1.37,5.48,1.38,0.00
B8,Polyvinyl Chloride 13. Grey Cable Cover,79.76,4.57,2.15,4.49,1.38,0.00
B8,Polyvinyl Chloride 13. Grey Cable Cover,80.03,2.91,2.91,4.49,1.38,0.00
B8,Polyvinyl Chloride 13. Grey Cable Cover,80.32,4.85,3.88,7.66,1.38,0.00
B8,Polyvinyl Chloride 13. Grey Cable Cover,80.46,8.23,2.74,28.48,1.38,0.00
B8,Polyvinyl Chloride 13. Grey Cable Cover,80.74,2.91,2.91,11.36,1.38,0.00
B8,Polyvinyl Chloride 13. Grey Cable Cover,80.76,9.95,7.80,193.21,1.38,0.00
B8,Polyvinyl Chloride 13. Grey Cable Cover,80.87,5.38,3.23,15.51,1.38,0.00
B8,Polyvinyl Chloride 13. Grey Cable Cover,80.94,3.43,3.43,21.67,1.38,0.00
B8,Polyvinyl Chloride 13. Grey Cable Cover,80.99,3.88,2.91,18.50,1.38,0.00
B8,Polyvinyl Chloride 13. Grey Cable Cover,81.02,9.95,6.45,217.27,1.38,0.00
B8,Polyvinyl Chloride 13. Grey Cable Cover,81.10,7.56,2.33,12.69,1.38,0.00
B8,Polyvinyl Chloride 13. Grey Cable Cover,81.19,2.74,1.37,5.48,1.38,0.00
B8,Polyvinyl Chloride 13. Grey Cable Cover,81.41,3.88,2.91,7.66,1.38,0.00
B8,Polyvinyl Chloride 13. Grey Cable Cover,81.44,8.23,6.85,183.19,1.38,0.00
B8,Polyvinyl Chloride 13. Grey Cable Cover,81.55,9.68,7.70,213.78,1.38,0.00
B8,Polyvinyl Chloride 13. Grey Cable Cover,82.25,7.81,2.47,10.07,1.38,0.00
B8,Polyvinyl Chloride 13. Grey Cable Cover,82.34,3.88,2.91,20.06,1.38,0.00
B8,Polyvinyl Chloride 13. Grey Cable Cover,82.43,4.11,2.06,2.71,1.38,0.00
B8,Polyvinyl Chloride 13. Grey Cable Cover,82.50,4.85,3.88,15.51,1.38,0.00
B8,Polyvinyl Chloride 13. Grey Cable Cover,82.59,9.50,3.85,16.98,1.38,0.00
B8,Polyvinyl Chloride 13. Grey Cable Cover,82.62,4.80,4.80,30.28,1.38,0.00
B8,Polyvinyl Chloride 13. Grey Cable Cover,82.97,5.17,3.53,25.00,1.38,0.00
B8,Polyvinyl Chloride 13. Grey Cable Cover,84.07,5.82,3.68,26.72,1.38,0.00
B8,Polyvinyl Chloride 13. Grey Cable Cover,84.63,3.88,2.91,8.84,1.38,0.00
B8,Polyvinyl Chloride 13. Grey Cable Cover,85.08,4.77,3.90,30.28,1.38,0.00
B8,Polyvinyl Chloride 21. Green Slinky Toy,75.49,9.69,6.79,163.69,1.38,0.00
B8,Polyvinyl Chloride 21. Green Slinky Toy,75.66,9.69,7.76,279.49,1.38,0.00
B8,Polyvinyl Chloride 21. Green Slinky Toy,77.14,3.04,3.04,8.84,1.38,0.00
B8,Polyvinyl Chloride 21. Green Slinky Toy,78.42,2.60,2.60,7.66,1.38,0.00
B8,Polyvinyl Chloride 21. Green Slinky Toy,80.26,4.11,2.74,5.48,1.38,0.00
B9,COLOR MASTERBATCH POLY[ETHYLENE-CO-(VINYL ACETATE)] + 45% YELLOW PIGMENT #3,95.14,12.36,11.52,705.06,0.95,0.00
B9,"NYLON 6,6",76.24,4.13,3.44,5.56,1.08,0.00
B9,"NYLON 6,6",78.53,51.26,11.70,3403.76,1.08,0.00
B9,PERDEUTEROPOLYETHYLENE,77.54,6.20,2.75,23.63,0.89,0.00